name,design_phase,x,y,z,c_d0_fit,c_d0_pred,c_d1_fit,c_d1_pred,a_d0_fit,a_d0_pred,a_d1_fit,a_d1_pred,Z_F_pred,c_d0_relative_error_pct,c_d1_relative_error_pct,a_d0_relative_error_pct,a_d1_relative_error_pct
baseline_zero_bias,baseline,0.0,0.0,0.0,3.5415046998816604,3.541043552375122,-0.8743078435612065,-0.8747502554733684,0.261346524725486,0.26134650827227357,0.241871507376239,0.24192696632147487,0.9916896744856013,-0.013021230963039532,0.0506013889066681,-6.295554311197549e-06,0.022929093979473514
corridor_x_m3p0pct,corridor,-0.03,0.0,0.0,3.580977593175158,3.5403999734694453,-0.8909474894953802,-0.875196852591747,0.2621321686402539,0.26147993675287406,0.2438423261966472,0.24015086893242396,0.992195974138765,-1.1331436360575986,-1.7678524367978343,-0.24881794964850545,-1.513870590803934
corridor_x_m5p0pct,corridor,-0.05,0.0,0.0,3.6078059759954884,3.539986863152111,-0.9023136242105089,-0.8754836413562934,0.2626638081687333,0.2615656197712637,0.2451744054433646,0.23902941504743966,0.9925211017449357,-1.8797882506601304,-2.973465337807646,-0.41809657947399215,-2.50637515967973
corridor_x_m8p0pct,corridor,-0.08,0.0,0.0,3.6487724903030974,3.539390722584088,-0.919780730184059,-0.8758976587431215,0.263490762675599,0.2616893145032565,0.2472044417015441,0.23744143911843546,0.9929904663035694,-2.9977689211837633,-4.771036182955912,-0.6836855129378483,-3.9493637395462966
corridor_x_p3p0pct,corridor,0.03,0.0,0.0,3.5030197444644124,3.541716259935191,-0.8581700212978556,-0.8742836887734826,0.2605806946134432,0.2612071135397448,0.2399343431012692,0.24349580830874962,0.9911607356532426,1.1046616431987788,1.8776777416737778,0.2403934517216877,1.4843499106658609
corridor_x_p5p0pct,corridor,0.05,0.0,0.0,3.477754295518569,3.5421811365457785,-0.8476453529262119,-0.8739614118467695,0.2600771791134195,0.2611108278296621,0.2386607204777858,0.24470395068028714,0.9907953757135951,1.8525414837451182,3.1046072310442208,0.3974392216057776,2.532142780095148
corridor_x_p8p0pct,corridor,0.08,0.0,0.0,3.4404236835406525,3.542903361098096,-0.832200354121708,-0.8734609634163414,0.2593322829367687,0.2609613103541949,0.2367772092737063,0.2463598905081913,0.9902280257323145,2.978693526838483,4.95801390738162,0.6281622168202716,4.047129900668667
corridor_y_m3p0pct,corridor,0.0,-0.03,0.0,3.5798261871252244,3.5424185274859896,-0.8891631730100864,-0.8737968857803529,0.2643784212652939,0.2533461344179973,0.2428992873344007,0.2526434538302593,0.990608855275072,-1.044957427647486,-1.7281740513064636,-4.172915018743561,4.011607692551111
corridor_y_m5p0pct,corridor,0.0,-0.05,0.0,3.606339103998491,3.5434015828890866,-0.9011879854756945,-0.8731158994434831,0.2668633721018257,0.24813601127812757,0.2441134705205962,0.2601266787554396,0.9898368325011272,-1.745191433595994,-3.1150089087565225,-7.017583820589824,6.55973969838437
corridor_y_m8p0pct,corridor,0.0,-0.08,0.0,3.647588398038074,3.5449778034134143,-0.9224641964689384,-0.8720251207373857,0.2713060483827583,0.24050165068973767,0.246740480564957,0.27175577011558244,0.9886002350000493,-2.8131078243326613,-5.467862701297932,-11.354113878641513,10.138299760683122
corridor_y_p3p0pct,corridor,0.0,0.03,0.0,3.5034277935856997,3.539785045523675,-0.8627779823339189,-0.8756237810258087,0.2591439681429285,0.26957462303227764,0.2417631597340246,0.23156555301207166,0.9926799757348255,1.0377622739803583,1.4888880980875818,4.025042513664134,-4.218015157136357
corridor_y_p5p0pct,corridor,0.0,0.05,0.0,3.477875571819516,3.5390087574366538,-0.8567894091721332,-0.8761630350117022,0.2581312236659645,0.2751897633022593,0.2421827990915575,0.22480195851893192,0.993291318922655,1.7577738005490229,2.2611887626258875,6.60847587286435,-7.176744441728378
corridor_y_p8p0pct,corridor,0.0,0.08,0.0,3.438164519192483,3.5379349956231705,-0.8498731114101944,-0.8769094786341269,0.2572457871105886,0.28381212608859113,0.2434955557102598,0.21507613380545884,0.9941375495219746,2.901852889056067,3.1812239804917652,10.32722023415753,-11.671433518325813
corridor_z_m3p0pct,corridor,0.0,0.0,-0.03,3.5487229118655463,3.5411452515898523,-0.8754103255105219,-0.8746797044428651,0.2609131657693073,0.26132542995264846,0.2416824076194258,0.2440057840802127,0.9916096919671207,-0.21353203571790047,-0.08346041237641266,0.15800819484352857,0.9613345396846107
corridor_z_m5p0pct,corridor,0.0,0.0,-0.05,3.553462682297045,3.54121429069131,-0.8761243723064648,-0.8746318137093873,0.2606131816819469,0.26131112178195093,0.2415556517677253,0.2453912341668676,0.9915553990468312,-0.3446889049026791,-0.17035921431431955,0.26780690658072537,1.5878669660896572
corridor_z_m8p0pct,corridor,0.0,0.0,-0.08,3.560658323413201,3.5413197608078586,-0.8772268294413057,-0.8745586567358096,0.2601783281787398,0.2612892648925351,0.2413703675164203,0.2475686549564491,0.99147246221445,-0.5431176161492801,-0.3041599522435323,0.42699048824392793,2.5679570793242235
corridor_z_p3p0pct,corridor,0.0,0.0,0.03,3.53475250098933,3.5409440243414294,-0.8733222869488969,-0.8748193058164527,0.2617783506259016,0.26136713823602287,0.2420624898074301,0.23984739862284707,0.991767955699957,0.17516143917759575,0.17141654231520587,-0.15708418549339465,-0.9150906389276625
corridor_z_p5p0pct,corridor,0.0,0.0,0.05,3.530427310647949,3.5408788462235377,-0.872713838426417,-0.8748645279030284,0.2620757749470528,0.2613806491030954,0.2421926720653794,0.2384606149191682,0.9918192232200694,0.29604165886849554,0.24643696271497983,-0.26523849604102034,-1.5409455267101246
corridor_z_p8p0pct,corridor,0.0,0.0,0.08,3.5238046138494075,3.5407827931905214,-0.871761464690778,-0.874931175981252,0.262504203637793,0.2614005613493826,0.2423862818725827,0.23647979717842565,0.991894781027095,0.4818138688616802,0.363598463439585,-0.4204284248084611,-2.4368065092322255
axis_x_m1p0pct,phase1_axis,-0.01,0.0,0.0,3.5545095927480457,3.540825812884302,-0.8797883199407721,-0.8749013253859828,0.2616079291281125,0.2613916429766304,0.2425250206747783,0.2413690725444751,0.9918609399085352,-0.38496955787267195,-0.5554739070778192,-0.08267568655235813,-0.4766304635649532
axis_x_m2p0pct,phase1_axis,-0.02,0.0,0.0,3.5677331643696926,3.5406112926365427,-0.8853539624862123,-0.8750501872685347,0.2618751935429284,0.26143611799447264,0.2431830656628753,0.24081036403367412,0.9920297021248677,-0.7601989970553613,-1.1638029143443474,-0.1676659566396732,-0.975685384479219
axis_x_p1p0pct,phase1_axis,0.01,0.0,0.0,3.528604102857177,3.541264528742817,-0.8688832458508303,-0.8745969664519649,0.2610908319163424,0.2613007105714447,0.2412223735254533,0.24248403775278873,0.9915158932963,0.3587941723297572,0.6575935982675807,0.08038530252549858,0.5230295220531422
axis_x_p2p0pct,phase1_axis,0.02,0.0,0.0,3.515809392324821,3.5414887590815916,-0.8635140016405398,-0.8744414476426693,0.2608407020431141,0.2612542466835797,0.2405774612107174,0.2430402793072274,0.9913395842339113,0.730397012216577,1.265462514952742,0.15854298705164638,1.02371106757706
axis_y_m1p0pct,phase1_axis,0.0,-0.01,0.0,3.5544829428379865,3.5414887543699862,-0.8789399959379776,-0.8744414509101938,0.2622606216695918,0.25865472446185706,0.2421097784831895,0.24543771824464797,0.991339587938249,-0.3655718335681568,-0.51181480517144,-1.3749289484555671,1.3745581786526406
axis_y_m2p0pct,phase1_axis,0.0,-0.02,0.0,3.567272402836877,3.541947037558347,-0.8838946895373987,-0.8741236867307326,0.2632758848363317,0.2559880093892328,0.2424523109137878,0.24904323556300387,0.990979344024376,-0.7099364001019404,-1.1054487511153566,-2.768151534892571,2.718441669776328
axis_y_p1p0pct,phase1_axis,0.0,0.01,0.0,3.529003422630632,3.5406112970515164,-0.870153863368241,-0.875050184204594,0.2605176718624639,0.26406359373754906,0.2417342883167627,0.23841125620976272,0.9920296986513297,0.32892783119580216,0.5626959831448675,1.3611060814934683,-1.3746631188065295
axis_y_p2p0pct,phase1_axis,0.0,0.02,0.0,3.516414483143158,3.5401918452447347,-0.8663425241784879,-0.8753413272808982,0.2597895490227034,0.2668062181107116,0.2417003803645915,0.2348907216138647,0.9923597626676158,0.6761820091334414,1.038711924125324,2.700905065043635,-2.817396787069504
axis_z_m1p0pct,phase1_axis,0.0,0.0,-0.01,3.5438802062735952,3.54107720757484,-0.8746652721412403,-0.874726907475102,0.2611969684458878,0.26133953266091037,0.2418073034209355,0.242619990063695,0.991663205252062,-0.07909405892990717,0.0070467338563418025,0.05458111396576815,0.3360885429274152
axis_z_m2p0pct,phase1_axis,0.0,0.0,-0.02,3.546349681177603,3.5411111064750735,-0.8750530047939937,-0.8747033910417179,0.2610630177070773,0.26133250672669256,0.2417461759723027,0.2433129296122009,0.9916365450664584,-0.14771737627379267,-0.03995343714728872,0.10322757393299575,0.6480986239375763
axis_z_p1p0pct,phase1_axis,0.0,0.0,0.01,3.539189606736309,3.5410101383956243,-0.8739655608885867,-0.8747734367437474,0.2614959364454295,0.2613534340708463,0.2419359410755394,0.24123385926040905,0.9917159547025346,0.05143922370958176,0.09243795079743045,-0.05449506272268145,-0.29019326851942306
axis_z_p2p0pct,phase1_axis,0.0,0.0,0.02,3.5370324623332805,3.5409769631892254,-0.8736624660251937,-0.8747964529707317,0.261645184452655,0.26136031055989944,0.2420005885352907,0.24054066974365415,0.991742047812543,0.11152006372434631,0.12979691696006768,-0.10887794222220748,-0.6032707608161991
pair_xm1p5_ym1p5,phase2_interaction,-0.015,-0.015,0.0,3.58056211249412,3.5413762290596433,-0.8895859119695217,-0.8745194913184385,0.2631246859061926,0.25738764741172065,0.243226565133041,0.24635874207771344,0.9914280610385021,-1.0944059117907745,-1.6936442504722815,-2.1803497739916633,1.2877610399831152
pair_xm1p5_yp1p5,phase2_interaction,-0.015,0.015,0.0,3.5423465128815272,3.5400889621403775,-0.8765336506197179,-0.875412753623027,0.2605573722614507,0.2654971788905028,0.2427098133382652,0.23580992617767849,0.9924407375121868,-0.06373037569702422,-0.127878375907009,1.8958613936647106,-2.842854627789737
pair_xm1p5_zm1p5,phase2_interaction,-0.015,0.0,-0.015,3.564692717235997,3.5407675748726573,-0.8831014144606035,-0.8749417359434086,0.261521585932874,0.26140371631758064,0.2427560408427174,0.24217982428565835,0.991906752678853,-0.6711698387818044,-0.9239797812099271,-0.04507070224162302,-0.23736445653782523
pair_xm1p5_zp1p5,phase2_interaction,-0.015,0.0,0.015,3.5577732435947724,3.5406692610178907,-0.8820887556217214,-0.8750099588137678,0.2619596871803165,0.2614240990597874,0.24295136069679,0.23999962775621178,0.9919840958012762,-0.4807496545114254,-0.8025039161693281,-0.2044544052919095,-1.214948099945834
pair_xp1p5_ym1p5,phase2_interaction,0.015,-0.015,0.0,3.5414500525801387,3.542063670933588,-0.8732836954258831,-0.8740428339716225,0.2623950337909652,0.25724735812790644,0.2413180107417864,0.24812157068167345,0.9908876826091761,0.01732675441807885,0.08692920178352548,-1.9618037691824575,2.8193336746700437
pair_xp1p5_yp1p5,phase2_interaction,0.015,0.015,0.0,3.503357071411436,3.5407181581097737,-0.8600112011330756,-0.8749760270211626,0.2597339997481285,0.26536472744944073,0.2407088020587838,0.23749146288569337,0.9919456278978344,1.0664367330186497,1.7400733697852555,2.167882413073574,-1.3366105209167811
pair_xp1p5_zm1p5,phase2_interaction,0.015,0.0,-0.015,3.525773550236099,3.541427971257789,-0.86674274424079,-0.8744836053512519,0.2607512308376255,0.261266842015637,0.2408071748937247,0.24375128299305748,0.9913873777201546,0.4439996159322668,0.8930978842219606,0.19774064972009064,1.2225998252054282
pair_xp1p5_zp1p5,phase2_interaction,0.015,0.0,0.015,3.5186115447759443,3.541325053556337,-0.8656408098062842,-0.8745549857011429,0.2611785351734943,0.2612881681085264,0.2409921064223349,0.24167314872382734,0.9914683004240981,0.6455247614393755,1.029777685372002,0.041976242404162534,0.2825994226959949
pair_ym1p5_zm1p5,phase2_interaction,0.0,-0.015,-0.015,3.564375838143734,3.5417691590383034,-0.8819270703067956,-0.8742470103405022,0.262542229469845,0.2573074510998353,0.2421833427494496,0.24827940290902464,0.9911191539297332,-0.6342394890995529,-0.8708271040622106,-1.9938805199378185,2.5171261121297306
pair_ym1p5_zp1p5,phase2_interaction,0.0,-0.015,0.015,3.557388718741133,3.5416639088686432,-0.8808194268180453,-0.874319988731597,0.26296535613578,0.25732893002235474,0.2423534050728009,0.2462026613172525,0.9912018883061525,-0.4420323758730027,-0.7378854153941017,-2.1434101420245377,1.5882823033970928
pair_yp1p5_zm1p5,phase2_interaction,0.0,0.015,-0.015,3.526136840607984,3.54044826363361,-0.8686766841140264,-0.8751633348067427,0.2599174752200537,0.26542153458236173,0.2415990289777412,0.23774225456936587,0.9921579755887876,0.40586692101145516,0.746727846083739,2.1176180469005157,-1.5963534392891332
pair_yp1p5_zp1p5,phase2_interaction,0.0,0.015,0.015,3.519320095686499,3.540352219459042,-0.8677342472103042,-0.8752299994994599,0.2603595529710254,0.2654417528025953,0.241808665589623,0.23566071436857192,0.9922335522313857,0.5976189491351258,0.863830408129429,1.9519928397386144,-2.5424858972940445
validation_01,phase2_validation,-0.0166906968976708,-0.0177588310503958,-0.0167414382814477,3.5902531782430387,3.5415203888098765,-0.8925138917566111,-0.874419512526096,0.2632088829906273,0.25664919240234546,0.243333706590122,0.24852817368834854,0.9913147167606201,-1.3573635900800296,-2.0273498707008897,-2.4921995465158386,2.13470923162169
validation_02,phase2_validation,-0.0122683900042898,0.010103876561482,0.0044575806308353,3.5439750033484247,3.540333952436311,-0.8767811282184574,-0.8752426792966886,0.260917358033753,0.2641491203926839,0.2425817647371647,0.2374638545323519,0.9922479271045653,-0.10273918153128614,-0.17546556058919416,1.238615316085201,-2.1097670760034326
validation_03,phase2_validation,-0.0022073971764227,0.017230356477012,-0.0037629185249522,3.523654906665864,3.5402727778727243,-0.8687033370487386,-0.8752851440983782,0.2599860908978744,0.26605120496785534,0.2418203540331722,0.23597553126486673,0.9922960687371069,0.47160893013171723,0.7576587735923956,2.3328609807681477,-2.4170102602296684
validation_04,phase2_validation,0.010999625234478,0.0019447359453563,-0.0136949715867342,3.528002877379069,3.541246990664208,-0.8679577834887381,-0.8746091314543263,0.2606895216978184,0.2618130074719403,0.2410332606337666,0.24278714774735383,0.9915296845551838,0.3753997302569756,0.7663215990590277,0.43096698586306825,0.7276535648962357
validation_05,phase2_validation,0.0195131290489759,0.0096082345211527,0.0162620183224917,3.5006741967493182,3.540995824809434,-0.8591800404737121,-0.874783367120086,0.2602700669868478,0.26387967723663186,0.2405628175457302,0.23853842534733866,0.9917272126034237,1.15182464273762,1.8160718256176933,1.3868710649567184,-0.8415233156332302
validation_06,phase2_validation,0.0074415802694216,-0.0109447115094505,0.0086197077368819,3.5440159150064,3.541670815064388,-0.8750425095293414,-0.8743151999249776,0.2622903624013606,0.2583731767040074,0.2417122009774373,0.2456020398489516,0.991196459316509,-0.06617069443967116,-0.08311705962203986,-1.493453919347243,1.6092852805048796
validation_07,phase2_validation,-0.0096297463073575,-0.0069259474504271,-0.0097270843377641,3.5653836514787662,3.54116939728117,-0.883104531046997,-0.8746629548701053,0.2620712568950565,0.25951678735886835,0.2425877577315637,0.24450070429652068,0.9915907032577672,-0.6791486292801352,-0.955897731255384,-0.9747232742929435,0.7885585747792634
validation_08,phase2_validation,0.0042447431931197,-0.0008398559478993,0.010928888105964,3.5345024126961913,3.541137240164264,-0.8719774726872046,-0.8746852619423451,0.261469065329812,0.26110770537769196,0.2416805211754802,0.24170914905534482,0.991615992410951,0.18771602600240467,0.31053431309364665,-0.13820371127430953,0.011845340172800256
