name,design_phase,x,y,z,epsilon_med,exact_slope_ratio,six_param_max_error_pct,six_param_rms_error_pct,four_param_max_error_pct,four_param_rms_error_pct,a0_wall,a1_wall,hQ6,hu06,a06,a16,hd06,hd16,hQ4,hu04,hd04,hd14
baseline_zero_bias,baseline,0.0,0.0,0.0,0.047619047619047616,0.0479550963713269,0.09322677882548369,0.049076280887063686,1.0040605669717317,0.5923808989361792,0.2635365830624751,0.24395430601636955,2.7926863645312205,2.948411136895507,0.26103169010011806,0.2423142118623506,2.691278815204897,-0.664566806898766,2.7631941092672823,2.951874323239716,2.6892659030104014,-0.666924708623902
corridor_x_m3p0pct,corridor,-0.03,0.0,0.0,0.047619047619047616,0.048365810227463536,0.20755274500693366,0.1090023201156132,0.7802500748796737,0.4643904471877978,0.2635365830624751,0.24203975342888007,2.7976645823683666,2.95498438921835,0.2645277446930838,0.2434386292446852,2.6901177322428964,-0.6671414454026346,2.817674438745377,2.9610397502745958,2.696666294117483,-0.6657989188773109
corridor_x_m5p0pct,corridor,-0.05,0.0,0.0,0.047619047619047616,0.04864716047363067,0.28589735119258775,0.14996913351378502,2.005040629848187,1.1638653570642155,0.26353658306247524,0.24083056232099262,2.801078191181458,2.9595449884969205,0.2669240595804595,0.24420772319505663,2.6893580508717005,-0.6688999237254243,2.8525002438996196,2.9665323745258827,2.7010248355286794,-0.6650408187346777
corridor_x_m8p0pct,corridor,-0.08,0.0,0.0,0.047619047619047616,0.04907402676065175,0.4055370350830034,0.21224605369708813,3.886267000547361,2.236113808473778,0.2635365830624751,0.239117541584818,2.8060307047376822,2.9667396160027137,0.27063335821589163,0.24540403124049587,2.6883009555687503,-0.6716332008297301,2.901775838048838,2.9735568321902788,2.706470322650266,-0.6638366976228698
corridor_x_p3p0pct,corridor,0.03,0.0,0.0,0.047619047619047616,0.04755521716286352,0.017686574819686385,0.009325946214519465,2.535618843298759,1.5176497316052366,0.2635365830624752,0.24566732675254419,2.787836829230967,2.94224088728277,0.2576525536351948,0.24122783637007308,2.692552861450497,-0.6620928626579696,2.710701436585786,2.9451333991022057,2.6836630573067906,-0.6679644771857615
corridor_x_p5p0pct,corridor,0.05,0.0,0.0,0.047619047619047616,0.047295736924113416,0.08943879874530047,0.047233123712142784,3.5705685303866863,2.1500091178974547,0.2635365830624751,0.24697728378608877,2.784620941611095,2.9381898695125344,0.255460205927964,0.24052190734659468,2.693325045425022,-0.6604623034099328,2.6739850127964493,2.9391125819964654,2.6786954766057898,-0.6687438559689651
corridor_x_p8p0pct,corridor,0.08,0.0,0.0,0.047619047619047616,0.046916736460576945,0.19364814028706157,0.10252524692778171,4.934585997845686,3.016113330765411,0.2635365830624752,0.24879107044792084,2.7798284678811527,2.9321828622479584,0.2522589839416062,0.2394900794123164,2.6943548422592065,-0.6580424563739742,2.621564128499055,2.9318488624019006,2.67260428504136,-0.6698776275366622
corridor_y_m3p0pct,corridor,0.0,-0.03,0.0,0.047619047619047616,0.0493889051136943,0.37127196149325803,0.1982369761193811,4.839945629768594,2.3512341406985366,0.25574789995961444,0.2550385578386744,2.7090798695519127,2.853607067687403,0.2583649883285924,0.24525691003794048,2.619680474287282,-0.6558925712206192,2.6401445030850357,2.7278229690413793,2.5275912695343123,-0.6575467589037132
corridor_y_m5p0pct,corridor,0.0,-0.05,0.0,0.047619047619047616,0.051113804749788695,0.5797228546776778,0.31216785536016206,6.4342573762070865,3.114095209644894,0.2506837522414029,0.262797534114288,2.6568241072049803,2.7907085135118246,0.25709017439536525,0.24795737581484237,2.572231296901055,-0.6517445682762145,2.594774900917979,2.583485173960715,2.425548549399382,-0.6528555098358354
corridor_y_m8p0pct,corridor,0.0,-0.08,0.0,0.047619047619047616,0.0569989791825053,0.9178860666884003,0.49969236930802124,7.51635400994175,3.689844437526482,0.24327492769585035,0.27488944519316605,2.5829717259496996,2.694194486168375,0.255740859115395,0.2532938391293164,2.499966242940369,-0.6478602449318924,2.5668471875608367,2.3880810961217915,2.2916993671227193,-0.6502587694137081
corridor_y_p3p0pct,corridor,0.0,0.03,0.0,0.047619047619047616,0.04723072048867888,0.13582773942470983,0.07035444308220351,4.881671590254344,2.244767518748785,0.2715624668793451,0.23327311789669386,2.881842332611155,3.0455313594315157,0.26483060782123113,0.24057830204245065,2.764045290490268,-0.6761733746778579,2.966023774508986,3.1563821381792336,2.8378709646388676,-0.6737422818396088
corridor_y_p5p0pct,corridor,0.0,0.05,0.0,0.047619047619047616,0.04698134457166784,0.25604276136343973,0.13114375662636482,9.9183775619349,4.633522121109503,0.27704839261127945,0.2263202690263388,2.944449469779262,3.1128088899023005,0.26813284091743106,0.24005946076070495,2.8138089084576468,-0.6856721959987636,3.135180000040906,3.2553330180725917,2.9078429651838875,-0.6726466359329226
corridor_y_p8p0pct,corridor,0.0,0.08,0.0,0.047619047619047616,0.0468419761759178,0.3770387806305564,0.18979170392741262,18.129378159178543,8.729356941851957,0.28548577229082694,0.21634444238626396,3.043129478387872,3.21816886215974,0.27442938756168067,0.24020143846765696,2.8901480678148506,-0.7025398540209952,3.3876822153795936,3.316673834897941,2.944056497855238,-0.6597633218161619
corridor_z_m3p0pct,corridor,0.0,0.0,-0.03,0.047619047619047616,0.04796289563269123,0.09420455018437357,0.04966590362476039,2.3597899557012747,1.2711493690580173,0.2635365830624751,0.24607039045517273,2.797090914792223,2.9457151997508313,0.2606909397382657,0.24200310155448554,2.6889677187558614,-0.6634161527307564,2.7382055768501092,2.927538567846552,2.669444904918486,-0.6671393620993339
corridor_z_m5p0pct,corridor,0.0,0.0,-0.05,0.047619047619047616,0.04797519183059835,0.09661491417264356,0.05098817383244365,3.2401874268325415,1.7218518655846982,0.2635365830624751,0.24748111341437534,2.800079121291686,2.9436447735178106,0.2604600038237322,0.2417906823319492,2.687178311734576,-0.6625867349723278,2.7218628148105224,2.9107603061267935,2.6557590568313953,-0.6671502222487484
corridor_z_m8p0pct,corridor,0.0,0.0,-0.08,0.047619047619047616,0.047992362714811346,0.09985057973701528,0.052782428733725864,4.565419457636621,2.4076294389072306,0.2635365830624751,0.24969796377883688,2.804211845877603,2.9405607319789886,0.2601320964152091,0.24148383721595068,2.684487927315757,-0.6613556995451856,2.6966501017218163,2.8843569505521662,2.634292707268957,-0.6671220455334839
corridor_z_p3p0pct,corridor,0.0,0.0,0.03,0.047619047619047616,0.04795230394386892,0.09350269669692324,0.049166306213367324,0.400410671996565,0.22533684641248827,0.2635365830624751,0.2418382215775658,2.788509304822565,2.9512824130839523,0.26137952862125036,0.2426270183157924,2.6937343562189158,-0.6657586911872528,2.788860024951614,2.975868642711901,2.708833754866058,-0.6666081327947984
corridor_z_p5p0pct,corridor,0.0,0.0,0.05,0.047619047619047616,0.04794930782141879,0.09350388928556219,0.04908314526968599,1.3682407388947881,0.6532913191406239,0.2635365830624751,0.2404274986183635,2.7856001295456334,2.9532931408516094,0.26162180190774975,0.24284351361457726,2.6954480713043254,-0.666582981306626,2.8061407160555287,2.991616670870132,2.7216963056961063,-0.6663267941943586
corridor_z_p8p0pct,corridor,0.0,0.0,0.08,0.047619047619047616,0.0479542042095054,0.09587813778333398,0.050255249929504385,2.789427448851489,1.3498203143259695,0.2635365830624751,0.23841218010521714,2.7813151263971507,2.9559035710705817,0.26197863129414306,0.24315871241393988,2.6976464688351283,-0.6677204923416766,2.8308489541200474,3.01327265189412,2.7393650985617706,-0.665737126762923
axis_x_m1p0pct,phase1_axis,-0.01,0.0,0.0,0.047619047619047616,0.048090122498086495,0.13078927870360246,0.06879583766584134,0.4439450547904844,0.26974628475875567,0.26353658306247524,0.24334971046242584,2.7942670194156145,2.9505360003637313,0.26218510717856564,0.24268584273396063,2.6908590799398877,-0.6654097841404991,2.7810103999043077,2.9545442239563506,2.6914452148021826,-0.6665644781385024
axis_x_m2p0pct,phase1_axis,-0.02,0.0,0.0,0.047619047619047616,0.04822497248301631,0.16843379169404482,0.08851966483695321,0.2500307881346031,0.12402837818828344,0.2635365830624751,0.24274511490848152,2.7958848004815735,2.9528266829421823,0.2633546914999352,0.24306413990202128,2.6905585774207927,-0.666292807409765,2.7988159523388902,2.95737416984046,2.6937550023524985,-0.6662291355642415
axis_x_p1p0pct,phase1_axis,0.01,0.0,0.0,0.047619047619047616,0.04781996839278532,0.05573532599402187,0.02935190150540978,1.5472367028096068,0.9142740431483171,0.26353658306247524,0.2445589015703133,2.791053034642956,2.94635301407848,0.25989365934256,0.24194904433883827,2.691729308382364,-0.6637416550160427,2.7453085048158683,2.9492882194544063,2.6871474429976696,-0.6672926265661625
axis_x_p2p0pct,phase1_axis,0.02,0.0,0.0,0.047619047619047616,0.04768481550521877,0.018242365776866,0.009614155514514177,2.0735727783710134,1.230526060557237,0.2635365830624751,0.245163497124257,2.7893642955421702,2.9443653436364725,0.25877098294502127,0.24159007191182993,2.692213296357728,-0.6629341250435631,2.7273839975501715,2.9468047224865113,2.6851069810915487,-0.6676725236487367
axis_y_m1p0pct,phase1_axis,0.0,-0.01,0.0,0.047619047619047616,0.048332011048845255,0.18137299635772042,0.0959372210621855,2.490328319799451,1.2564401116063766,0.2609143502478273,0.2475818793400331,2.76448876946014,2.916867169474552,0.2600275243629927,0.24315356407018265,2.6675209083783993,-0.6614011111537772,2.714174405448575,2.8776684943234616,2.6354510947803713,-0.6637719456101482
axis_y_m2p0pct,phase1_axis,0.0,-0.02,0.0,0.047619047619047616,0.04879853915870433,0.2735984367910782,0.14543472252900172,3.7815181839455425,1.8555436529563496,0.2583182090856336,0.25131021858935376,2.7365409143432817,2.8853556578871364,0.2591445182484523,0.2441353007492316,2.643721429807427,-0.6585253766473783,2.6730084241786214,2.802323869477416,2.581045129224952,-0.6606060201425895
axis_y_p1p0pct,phase1_axis,0.0,0.01,0.0,0.047619047619047616,0.04765629756167333,0.0112065429474284,0.005868451577525411,0.7352446495955789,0.3858222373864611,0.2661851697550437,0.24032673269270605,2.821983308560374,2.9805309970303306,0.2621562019786566,0.24160393786138248,2.715463053667356,-0.6681265713919881,2.82236968303027,3.0248640984971233,2.7424260033484056,-0.669872944163939
axis_y_p2p0pct,phase1_axis,0.0,0.02,0.0,0.047619047619047616,0.047416853592883036,0.06574284949727449,0.034235680680516675,2.745580137843673,1.2542972895674862,0.2688603751864096,0.23669915936904282,2.8516797972258443,3.013008073226059,0.26342461721772403,0.24103030253874372,2.7398193105773907,-0.6720253086133887,2.891298405631767,3.0944053611047244,2.793086261554805,-0.6722214405657972
axis_z_m1p0pct,phase1_axis,0.0,0.0,-0.01,0.047619047619047616,0.04795910084880499,0.09391346718721216,0.04945866235839077,1.4634783604131618,0.8191497613989024,0.2635365830624751,0.24465966749597073,2.7942429263314215,2.9474682005401154,0.260913383036676,0.24220699284327946,2.690473756303283,-0.664171094188957,2.7548462874626316,2.943748462315117,2.682639210485577,-0.667000127715807
axis_z_m2p0pct,phase1_axis,0.0,0.0,-0.02,0.047619047619047616,0.04795772158813537,0.09324125606804401,0.0491281356110532,1.9112816416234413,1.0436947999890438,0.2635365830624751,0.24536502897557189,2.7955691010629256,2.9467074290553734,0.26080750235207606,0.24210986340409044,2.6898215391022022,-0.6638225211539076,2.7464673846673446,2.9358139922619566,2.676195474939372,-0.6671040686452449
axis_z_p1p0pct,phase1_axis,0.0,0.0,0.01,0.047619047619047616,0.047951687589139085,0.09273147894908185,0.04877253768189647,0.5390670639413342,0.3728824543514381,0.2635365830624751,0.2432489445367681,2.791163687321665,2.9493760851203987,0.26115046124440605,0.24242172412394306,2.692103567602728,-0.664968483189498,2.771633840245237,2.9599523879544107,2.695858050138167,-0.666837254116532
axis_z_p2p0pct,phase1_axis,0.0,0.0,0.02,0.047619047619047616,0.04794885941860539,0.09233190224586796,0.048546450435948366,0.3175181748940492,0.19563731969469822,0.2635365830624751,0.24254358305716694,2.7897483238494614,2.9504539740632447,0.2612704832981391,0.24252941636460096,2.6930281839819705,-0.6653951616424878,2.7802318187490322,2.968072266556175,2.7024955891898754,-0.6667569598064726
pair_xm1p5_ym1p5,phase2_interaction,-0.015,-0.015,0.0,0.047619047619047616,0.048770232173508204,0.28009639336423753,0.14835418436049103,2.3892455421525627,1.1265185622396885,0.2596130344970385,0.24848877267094882,2.752858269666378,2.9042249790054213,0.26123719638154647,0.2441436537832332,2.655060101696299,-0.6610935353469959,2.717052679385525,2.8462593986463376,2.6131741488304128,-0.6619215596837462
pair_xm1p5_yp1p5,phase2_interaction,-0.015,0.015,0.0,0.047619047619047616,0.04772236450996991,0.03237068429123857,0.01688412706427902,2.6585249784965903,1.2491349936970233,0.26751942847090415,0.23760605269995824,2.8393537898829675,3.000205882029267,0.26458266998193203,0.24190149106086928,2.7270884714036288,-0.6714453676969961,2.8846836080210205,3.061629081858931,2.7694528991758047,-0.6701847431237563
pair_xm1p5_zm1p5,phase2_interaction,-0.015,0.0,-0.015,0.047619047619047616,0.048161917530147126,0.14987640354048315,0.07885335747652147,0.8903575225367222,0.4608472769867218,0.26353658306247524,0.24415583786768413,2.797264668154872,2.950264393386661,0.26259031752284784,0.24271520410834102,2.6895073811851677,-0.6652555806100526,2.7767751031638896,2.943378455419674,2.6823756291224528,-0.6665610162374727
pair_xm1p5_zp1p5,phase2_interaction,-0.015,0.0,0.015,0.047619047619047616,0.04815453003279597,0.14967812934456592,0.07862968740734483,0.5885340152163354,0.31015333111723575,0.26353658306247524,0.24193898750322324,2.7930622383776647,2.953229161823304,0.26294674962276876,0.24303356234587517,2.6920351995815897,-0.6664770025209149,2.8033276869007575,2.968517027505432,2.702823806534233,-0.666224087318883
pair_xp1p5_ym1p5,phase2_interaction,0.015,-0.015,0.0,0.047619047619047616,0.04833640465988063,0.17435332689353933,0.09253617777689273,3.910511959314511,2.0118200861124165,0.2596130344970384,0.2504033252584377,2.7480392715384943,2.8980926218015055,0.2579351797701895,0.2431201668442629,2.656221836037134,-0.6587858314881789,2.6678732162509142,2.833954369759454,2.603405250876338,-0.6624827831907374
pair_xp1p5_yp1p5,phase2_interaction,0.015,0.015,0.0,0.047619047619047616,0.04733860437097145,0.08768179031937162,0.04583161056224291,0.792563107815436,0.5090426211384567,0.2675194284709041,0.23941983936179032,2.8341843483154086,2.993388821550437,0.2609958871513726,0.2407119261188916,2.7282143371694536,-0.6686601393141611,2.8262404568106585,3.058679044022601,2.7668015255916374,-0.672076643054598
pair_xp1p5_zm1p5,phase2_interaction,0.015,0.0,-0.015,0.047619047619047616,0.04775455851714868,0.03736520764326956,0.019698412216701756,2.4493674321092174,1.3921832550185596,0.2635365830624752,0.24586885860385815,2.7924320157261557,2.944070135585015,0.2591650118052502,0.24161598363050282,2.6908650829194807,-0.6627794220449584,2.724420779156417,2.9364318515946026,2.6766478015271007,-0.6675745709313968
pair_xp1p5_zp1p5,phase2_interaction,0.015,0.0,0.015,0.047619047619047616,0.0477514241756871,0.036935692332173975,0.019441901714118033,1.1082463745609505,0.731795364896724,0.2635365830624752,0.2437527741650544,2.7879628973587405,2.946574071481818,0.25949753100045436,0.2419220790831273,2.6930138612618912,-0.6638799295796284,2.749554315530952,2.9604509928547995,2.6962153784226097,-0.667290562516882
pair_ym1p5_zm1p5,phase2_interaction,0.0,-0.015,-0.015,0.047619047619047616,0.048566869460577027,0.22875873347243392,0.12138116038735952,3.779772457783248,1.886230776914846,0.2596130344970384,0.25050409118409517,2.7525999290067134,2.899824156458224,0.2594279204010216,0.2434799560638231,2.654473170671181,-0.6593747520035877,2.6824505714709534,2.826825537877526,2.5975935129359895,-0.6620993459245266
pair_ym1p5_zp1p5,phase2_interaction,0.0,-0.015,0.015,0.047619047619047616,0.04854268259887813,0.22613787754459658,0.1197657171523366,2.54258678848982,1.2486962393988004,0.2596130344970384,0.24838800674529138,2.748383985358278,2.9022735950024723,0.2597140177424464,0.24377227811578386,2.65667090502695,-0.6604555430306478,2.7027564046074577,2.8528633686116844,2.618576965325435,-0.6622201846282313
pair_yp1p5_zm1p5,phase2_interaction,0.0,0.015,-0.015,0.047619047619047616,0.04752678178192945,0.028705892330305183,0.01500285485161261,0.912916300510902,0.4704149266775982,0.26751942847090415,0.2396213712131049,2.83891795304566,2.9950493729219563,0.2625686297354971,0.24113208875096187,2.7262333617212358,-0.6693732708024714,2.8399219691473383,3.049112224006801,2.7590387136214076,-0.6715784200578244
pair_yp1p5_zp1p5,phase2_interaction,0.0,0.015,0.015,0.047619047619047616,0.04753467396839888,0.026542792239281354,0.01384609882755736,2.44619481865076,1.1236783167838813,0.26751942847090415,0.2375052867743011,2.8346905436509906,2.998306096858182,0.26297166172098096,0.24146510927358533,2.7289270333292377,-0.6706712300642104,2.8699660779489307,3.0701126254753555,2.7763746981443203,-0.6707194996158291
validation_01,phase2_validation,-0.0166906968976708,-0.0177588310503958,-0.0167414382814477,0.047619047619047616,0.04894895441670665,0.3127992562486859,0.1660250105828019,3.4141156801126726,1.6287112268296655,0.2588977930651668,0.25070562303541005,2.747714541638015,2.894448020069922,0.2610151982857808,0.24430730872994788,2.647161339381496,-0.6598067164934184,2.6963253505692926,2.8104661135095497,2.586115230219257,-0.660989615637525
validation_02,phase2_validation,-0.0122683900042898,0.010103876561482,0.0044575806308353,0.047619047619047616,0.04781165056608975,0.05819406610259037,0.03043348560479516,1.6783955030178266,0.7881073506130984,0.26621282159135945,0.23931907343613287,2.823662641826851,2.9842662194004137,0.26369252810816485,0.24213187359099664,2.7157863918299534,-0.6695108651837176,2.8494874790975793,3.030200136491918,2.746847404048727,-0.6692337803863292
validation_03,phase2_validation,-0.0022073971764227,0.017230356477012,-0.0037629185249522,0.047619047619047616,0.0475047802253743,0.03633922476689033,0.018949628229414418,2.123155307606839,0.9713293670006345,0.26811675804224255,0.23780758455127282,2.844348032737889,3.0040733141559257,0.2632718848619507,0.24122144238199453,2.732638995876717,-0.6709553568006822,2.872148153066668,3.073475017872574,2.7776447906469497,-0.671604859255616
validation_04,phase2_validation,0.010999625234478,0.0019447359453563,-0.0136949715867342,0.047619047619047616,0.04774864157464862,0.03629568433036745,0.01911383042814886,1.905635047244103,1.1178988407764268,0.2640495907990832,0.24486119934728529,2.7985947880297717,2.9509555066193247,0.25982034935904014,0.2416134279034917,2.695262451278403,-0.6637492640360058,2.7424272892250827,2.9526264485121843,2.688559507551092,-0.6680463877026931
validation_05,phase2_validation,0.0195131290489759,0.0096082345211527,0.0162620183224917,0.047619047619047616,0.04741623416941774,0.06116811915866105,0.032043278851095834,0.7126301617123687,0.44121271131352946,0.2660809080189607,0.2405282645440206,2.8151071869651676,2.9766929448062567,0.2600444564274982,0.24106149482982314,2.716688306024145,-0.6669278728050325,2.7978678455289403,3.030744355043776,2.7474297716904634,-0.6704716268622443
validation_06,phase2_validation,0.0074415802694216,-0.0109447115094505,0.0086197077368819,0.047619047619047616,0.048262218533131895,0.1627607292646882,0.08616003401910939,2.6361442873138463,1.3538682603872432,0.26066797785191,0.24778341119134736,2.7594024654978098,2.913069409811304,0.2592009832295994,0.2430666514615158,2.666191578909258,-0.660842603910798,2.7037333592483006,2.87519872606971,2.634073873858368,-0.6636400639831771
validation_07,phase2_validation,-0.0096297463073575,-0.0069259474504271,-0.0097270843377641,0.047619047619047616,0.04834740572678355,0.18971419329483208,0.10015042645276337,1.9839446674878136,0.9831314127969072,0.261717648729716,0.24657422008345992,2.7760921736572435,2.9276939873308425,0.26130494652076924,0.24312545525576532,2.673677370181537,-0.6627510929173551,2.7371952779516677,2.89547321094509,2.647888057880598,-0.6645261736256007
validation_08,phase2_validation,0.0042447431931197,-0.0008398559478993,0.010928888105964,0.047619047619047616,0.04792384266273955,0.08434185447013798,0.04439605608234075,0.8747364586721984,0.5453034756964517,0.263315343213507,0.2437527741650547,2.787963477268311,2.9458156820546733,0.2605831925075029,0.2423380293165013,2.6902718184273096,-0.6643480661234302,2.760167177848043,2.9532398053847855,2.6909206030421955,-0.6667164884481906
