name,x,y,z,k_geo,correlation_E,relative_shape_residual,adiabatic_relative_error,heavy_norm_fraction,scalar_profile_overlap,gap_min,gap_at_core,theta_total_core,fit_h_Q,fit_h_u0,fit_h_u1,fit_a_d0,fit_a_d1,fit_h_d0,fit_h_d1
baseline_zero_bias,0.0,0.0,0.0,0.19916603154382903,0.8124927966552392,0.6721388862906411,0.3063535894694712,0.052155190102535096,0.9986825667623659,2.029359201050474,2.2672126903611485,1.5707561449037855,1.92450165145502,0.3758925125746755,-0.0332947527568884,0.3170837961969074,0.487087910111406,0.1040262492400777,-0.1484985634499804
axis_x_m2p0pct,-0.02,0.0,0.0,0.20110780752043,0.8138794911262385,0.66888991810759,0.30645650746434944,0.05208759227356829,0.9986828142786385,2.0264250147819527,2.263232500949017,1.570755157103895,1.94357497123912,0.3777395291146316,-0.0335473416029532,0.3174033379223092,0.4880037521601949,0.1040967765167036,-0.1493293966525119
axis_x_m1p0pct,-0.01,0.0,0.0,0.20013510430879955,0.8131875372705403,0.6705138451443214,0.3064045768735662,0.05212188939560665,0.9986827458514362,2.027895130010891,2.2652084276010034,1.5707556596254382,1.933974556736551,0.376802831815953,-0.0334212943652759,0.3172525943805557,0.4875603455249408,0.1040493964600882,-0.1489100847151111
axis_x_p1p0pct,0.01,0.0,0.0,0.19820065577094023,0.8117956308662182,0.6737643078742173,0.3063034899475323,0.0521874865588293,0.9986822783392235,2.03081730209659,2.2692452654790225,1.5707566133034303,1.9151547105189943,0.3750085737825483,-0.0331677220615229,0.3168968875657991,0.4865864829834648,0.1040273489004105,-0.1480947905667178
axis_x_p2p0pct,0.02,0.0,0.0,0.1972390458224586,0.8110963644835361,0.6753894527529913,0.306254316511118,0.052218775418128374,0.9986818813817748,2.032269535479779,2.2713061233618053,1.5707570651611829,1.905932195546239,0.3741510238370397,-0.033040208224671,0.3166918211473405,0.4860561182774514,0.1040527125594653,-0.1476987236376085
axis_y_m2p0pct,0.0,-0.02,0.0,0.19929324517933378,0.809388224791035,0.6786818055736756,0.3061610798321811,0.05267093958487955,0.9986966779305311,1.9948296471497822,2.2301617670909573,1.5707465311822366,1.9179863027554276,0.3716935327025041,-0.0343048124343948,0.3251127828788425,0.500752663102182,0.0949569982478063,-0.1479867845123921
axis_y_m1p0pct,0.0,-0.01,0.0,0.19922952000613012,0.8109465962172651,0.6754067898589002,0.3062555787849324,0.05241485177322043,0.9986897001800932,2.012028409814287,2.248587268071175,1.570751590758784,1.9209993976791069,0.3736733692118344,-0.0337953244049428,0.321106232323274,0.4939029499313751,0.0994028003617511,-0.1482249323640825
axis_y_p1p0pct,0.0,0.01,0.0,0.1991130730102649,0.8140243039472407,0.6688992792521651,0.3064552093895434,0.05189536881412238,0.9986758091188054,2.0467717577002182,2.285882438599411,1.5707602567408205,1.9282528504350989,0.3782504643415244,-0.0328100368070936,0.3131394678882188,0.4804667127087068,0.1087089008536006,-0.1487818270582127
axis_y_p2p0pct,0.0,0.02,0.0,0.19906005346994937,0.8155421777448693,0.6656708920864154,0.3065606129997481,0.051632145736138876,0.9986689203834316,2.0643699396608675,2.3047504552530897,1.5707639522434984,1.932493718494151,0.3808476963871477,-0.0323341767113781,0.3091867330030659,0.4738873703797898,0.1135701850379911,-0.1490993711061682
axis_z_m2p0pct,0.0,0.0,-0.02,0.1989158197576748,0.8132712921277374,0.6697729434304209,0.3067910317006811,0.052248574364904904,0.9986926422555835,2.0173561877666515,2.2556968507462734,1.570752168153514,1.924906155059661,0.3756414361195989,-0.0333795449851437,0.3177009586415946,0.4881519103857146,0.1033416529154109,-0.1484971850110844
axis_z_m1p0pct,0.0,0.0,-0.01,0.1990463151221193,0.8128832404064196,0.670961102524693,0.3065695587844918,0.05220377775698144,0.9986878709363989,2.0233714941370082,2.261371623915335,1.5707542111788488,1.9245857821159569,0.3757179571703061,-0.033340347381359,0.3174351863018937,0.4876934671586005,0.1036269680357601,-0.1484854915744794
axis_z_p1p0pct,0.0,0.0,0.01,0.19928549805153878,0.812098657714169,0.6733244160733244,0.3061430653176423,0.052106170895322865,0.99867724584495,2.035365459290836,2.2730657941737222,1.5707579916409822,1.9244128601574804,0.376065059606637,-0.0332497630762533,0.3167371659422918,0.4864912354113295,0.104420834641148,-0.1485111965962462
axis_z_p2p0pct,0.0,0.0,0.02,0.1994046916122895,0.8117008592418965,0.674517622102619,0.3059380838397048,0.05205671825500715,0.9986719083902975,2.0413903731035643,2.2789309606790167,1.5707597554981991,1.9243193654213424,0.3762355591234897,-0.0332053712350027,0.3163952601489779,0.4859033565471078,0.1048107208691625,-0.1485233868812123
pair_xm1p5_ym1p5,-0.015,-0.015,0.0,0.20071451062137652,0.8112233729627325,0.6745918911225154,0.30628067745445764,0.05249564909139616,0.9986935440986258,2.001270638224705,2.236374207782963,1.5707483146480459,1.933376471992604,0.3740048081884755,-0.0342424481392956,0.3233747214795704,0.4980697541551392,0.0971684825826408,-0.1487087382431292
pair_xm1p5_yp1p5,-0.015,0.015,0.0,0.20054572099862594,0.8158115838649694,0.6648675019996361,0.3065885981163517,0.05171208311729543,0.9986726354154634,2.053295484307751,2.2922369344749196,1.5707614948064108,1.9448265061329093,0.3808951403485922,-0.0327586921078964,0.3114169583458784,0.4778624246127509,0.1111650812317553,-0.149563143052356
pair_xp1p5_ym1p5,0.015,-0.015,0.0,0.1978193417506851,0.8091092346902448,0.6794991471601974,0.3061370845393055,0.052589617076202445,0.9986927569261463,2.0055224895597545,2.2423493336222218,1.570749903278855,1.9057064365432816,0.3713360907329653,-0.0338560822336296,0.322830131808514,0.4965505803212365,0.0971714851145201,-0.1475051038018271
pair_xp1p5_yp1p5,0.015,0.015,0.0,0.19763813708035816,0.8137517136052191,0.669707017648544,0.3064285329176764,0.05181485519262289,0.9986720092365649,2.057795325796012,2.2983719388002393,1.5707627829066462,1.9160248263808768,0.378177822692555,-0.0323839693825343,0.3108931112289133,0.4764551291023356,0.1110943849715427,-0.1483207289441852
pair_xm1p5_zm1p5,-0.015,0.0,-0.015,0.20043247793039598,0.8141116537047904,0.6679454768523493,0.3067604167299941,0.05217592550302826,0.9986904994522038,2.0181876055628956,2.2555419210169796,1.5707524077928572,1.9389777403025317,0.3770494253723774,-0.033550262180063,0.3178194223544008,0.4886308928183738,0.1035204290981241,-0.1491097830246294
pair_xm1p5_zp1p5,-0.015,0.0,0.015,0.20080892447581208,0.81294743775974,0.6714761072243104,0.3061127685879604,0.052032822562238644,0.9986750527305823,2.0361653971255373,2.2729185769806084,1.5707582126449096,1.9385292832489327,0.3774813701402248,-0.0334198396279059,0.3168516166635771,0.4869601272809528,0.1046087854904138,-0.1491267050636827
pair_xp1p5_zm1p5,0.015,0.0,-0.015,0.19753801733687662,0.8120383023324944,0.6727875692328853,0.30660082297357816,0.052274280431342066,0.9986897725038159,2.0225302723187166,2.2615872401056842,1.5707539542466495,1.910798417657204,0.3743697730263094,-0.0331683800272465,0.3172747339612278,0.4871469843389831,0.1035038768956139,-0.1478904213258474
pair_xp1p5_zp1p5,0.015,0.0,0.015,0.19790012259067366,0.8108455836310893,0.6763843674301134,0.30596904494195126,0.05213124516758727,0.9986743786789101,2.040570147905191,2.278983792178669,1.5707595363549527,1.9102475940188228,0.3747781173647256,-0.0330409849389402,0.3163290601038699,0.4855222451908105,0.1045591933465667,-0.1479001303194305
pair_ym1p5_zm1p5,0.0,-0.015,-0.015,0.1990835713412251,0.8107651328578429,0.6752427597363893,0.30652602688262787,0.05261470296852218,0.9987009728344641,1.9945114766586158,2.2307489944684615,1.5707457524861268,1.9196589746565549,0.3724542542226547,-0.0341176370203554,0.3236189186371766,0.498210675492415,0.096614422149212,-0.1480922598008495
pair_ym1p5_zp1p5,0.0,-0.015,0.015,0.19944101230863845,0.8095633080913057,0.6788676880680001,0.30590200525244476,0.0524718453759808,0.9986855337087168,2.0123395396457404,2.247939002096626,1.5707522877818196,1.9191370106442904,0.3728257528488307,-0.0339834602736464,0.3226379248554599,0.4964966805343878,0.0976627653592164,-0.1481034745934829
pair_yp1p5_zm1p5,0.0,0.015,-0.015,0.1988971159733957,0.8153582079060623,0.6655432258488309,0.30684154944180503,0.05183572466861737,0.9986801311638527,2.0464130394067093,2.286493301831509,1.5707595922327393,1.9305148336897189,0.3792696333674814,-0.0326344205930804,0.3116464973197982,0.4779920164055707,0.1105487929359437,-0.148925027271725
pair_yp1p5_zp1p5,0.0,0.015,0.015,0.1992781337953974,0.8142029259605352,0.6690463052783303,0.3061858205660775,0.05169246688968859,0.9986647292346305,2.0647268007849373,2.3040770388013723,1.5707645445593916,1.9300360301312824,0.3797354316443123,-0.0325105336513635,0.310714178985799,0.4764080635125555,0.1116425022189916,-0.1489400098055063
validation_01,-0.0166906968976708,-0.0177588310503958,-0.0167414382814477,0.20069206098024395,0.811573111403207,0.6732177289106647,0.3066213232840131,0.052640005062062296,0.9987040745681258,1.9864282096708268,2.221433524874547,1.570742822233141,1.934366450232765,0.3734151730557949,-0.0344825549773821,0.3250657701607474,0.5010280320069934,0.0953572299374975,-0.1487045806938199
validation_02,-0.0122683900042898,0.010103876561482,0.0044575806308353,0.2003559015847325,0.8147131153001335,0.6673955994802313,0.306424249928628,0.05182776494429314,0.9986734047256873,2.047829163934217,2.2862695980399828,1.5707605084567788,1.9401283540516003,0.3795166184044849,-0.0329370656943058,0.3131224333284365,0.4806549299036146,0.1090153592141715,-0.1493096298485747
validation_03,-0.0022073971764227,0.017230356477012,-0.0037629185249522,0.199240987410912,0.8154183014869508,0.6657715338306172,0.3066260861683787,0.05171578175852509,0.9986728306203576,2.0568511608523887,2.296840307994445,1.5707622595263149,1.9334496613043697,0.3802421894709545,-0.0325082880961718,0.3104397227338674,0.4760103102246284,0.1120699714088168,-0.1490970479086224
validation_04,0.010999625234478,0.0019447359453563,-0.0136949715867342,0.1979321771781081,0.8125627454351828,0.6716778970795515,0.3066130025003371,0.05220730601406156,0.9986882325419666,2.0261163040784402,2.26504581897642,1.5707549018541234,1.9150039828730705,0.3751140153338587,-0.0331226111539928,0.3165957029063405,0.4860784240122137,0.1043706527038411,-0.1480874702529889
validation_05,0.0195131290489759,0.0096082345211527,0.0162620183224917,0.19743018880455976,0.8119672110654665,0.6741276803309699,0.30601137686823726,0.05189111674537004,0.9986670483397666,2.0588804089084825,2.298702156106229,1.5707635893670888,1.9094527931572127,0.376684029546148,-0.0325161059033048,0.3124139393381149,0.4788880240102856,0.1091120130931946,-0.1479880096806704
validation_06,0.0074415802694216,-0.0109447115094505,0.0086197077368819,0.19862111808147254,0.8099293937302594,0.6779770636909421,0.3060332338208311,0.05242152446377979,0.9986857422528919,2.0166136760661257,2.2532835462433414,1.570753270864868,1.9136555279568437,0.3729218764261178,-0.0337102726810383,0.3210753191181651,0.4936971970432027,0.0992717569397657,-0.1479043181493468
validation_07,-0.0096297463073575,-0.0069259474504271,-0.0097270843377641,0.20002415475275553,0.8124771382644238,0.6716797085300196,0.3065424185153888,0.05235064518888936,0.9986927821561586,2.010143580218426,2.2467510290696575,1.5707505199013514,1.9311784122730635,0.375056341515265,-0.0338074062361855,0.3203666721107658,0.492842952759994,0.1004553001340529,-0.1486900600269941
validation_08,0.0042447431931197,-0.0008398559478993,0.010928888105964,0.19889337870775153,0.8116342191269846,0.6744087575815061,0.30609526498057166,0.052138175477996214,0.9986773795335211,2.035084663003249,2.2728547260379366,1.570758005774706,1.920046723183266,0.3754793883688912,-0.0332351968789469,0.3169896508421316,0.486837456190599,0.1040275647653291,-0.1483090384076281
corridor_x_m3p0pct,-0.03,0.0,0.0,0.20209488075870113,0.8145678798958464,0.6672841575596581,0.30650938656875054,0.052055594190743376,0.9986832937444228,2.024946231424083,2.261130876501755,1.5707546539136343,1.9530601347434728,0.3786024636727175,-0.0336798866951782,0.3176256722479553,0.4885732458103823,0.1040497713553816,-0.1497312293229565
corridor_x_m5p0pct,-0.05,0.0,0.0,0.20408010524647882,0.8159364932714379,0.6640755199762042,0.30661804424727135,0.05198855744986518,0.9986839206695216,2.021970689050835,2.257014323546648,1.570753592963256,1.972416246433616,0.3804085744965734,-0.033943521775033,0.3180152872431681,0.4896242292278333,0.1040293974757177,-0.150558484960891
corridor_x_m8p0pct,-0.08,0.0,0.0,0.20709588953676347,0.8179656444206622,0.65929202292563,0.3067885097759548,0.05188368193837682,0.9986845467149928,2.0174592092215677,2.2509037971223953,1.570751874760929,2.002187999235084,0.3832190061367816,-0.0343423051759155,0.3185514240428254,0.4911346499233074,0.1040648853049875,-0.1518336085795305
corridor_x_p3p0pct,0.03,0.0,0.0,0.1962913882105899,0.8103923390010513,0.6770352387556839,0.3062060668704111,0.052252423538712636,0.9986818928714325,2.033712660390917,2.273239677839327,1.570757518746894,1.896595892935656,0.3732185960068345,-0.0329191477078647,0.3165593904599727,0.485652620499754,0.1039827120067307,-0.1472850907065485
corridor_x_p5p0pct,0.05,0.0,0.0,0.19440718203926782,0.8089777291351751,0.6803265792344013,0.3061121309254764,0.05231675273831684,0.998681589840263,2.036581114148127,2.277189951706631,1.5707583794007978,1.8782934981473889,0.371431818155383,-0.0326755498981763,0.316240946511972,0.4847597285281813,0.1039145778307899,-0.1464807334198603
corridor_x_p8p0pct,0.08,0.0,0.0,0.19162867452635818,0.8068341776670552,0.6853047749115238,0.3059776843985885,0.05241261507340876,0.9986813561580633,2.0408326641479557,2.2830092538880815,1.5707595955905194,1.851282015788713,0.3687425671928612,-0.0323202994543972,0.3158123538239133,0.483518908207056,0.1037513107751409,-0.1452805305770311
corridor_y_m3p0pct,0.0,-0.03,0.0,0.19936733163288142,0.8078152672016855,0.6819839303392816,0.30607004688037825,0.05292675674737413,0.9987039892451636,1.977755559152028,2.2117871087318486,1.5707409365917542,1.9152299560792465,0.3698608818199432,-0.0348305080386894,0.3291905147010743,0.5077928212436332,0.0905760424329475,-0.1477603346459096
corridor_y_m5p0pct,0.0,-0.05,0.0,0.1995361185753568,0.8046290239002388,0.6886449380178584,0.30589809614316693,0.0534339481679853,0.998719026477956,1.9439499879333209,2.175354365190214,1.570727909845127,1.9107377641388552,0.3667467370862634,-0.0359240764279049,0.3374543890432177,0.5222790660103207,0.082132396922196,-0.1473711675849746
corridor_y_m8p0pct,0.0,-0.08,0.0,0.19983197448690737,0.7997601373949249,0.6987321332712134,0.3056637793672732,0.05417904920485584,0.998741894183689,1.894063765865978,2.121671829742119,1.570702796858914,1.906806715358776,0.363558417955744,-0.0376640331638251,0.3499724501507937,0.544817876310481,0.0703750721055271,-0.1469816226553202
corridor_y_p3p0pct,0.0,0.03,0.0,0.19901779967282515,0.8170454501438548,0.6624715700983569,0.30666994408549286,0.051368865651689244,0.998662450621034,2.081992464619669,2.3236556201809027,1.5707672834169049,1.936974916815165,0.3835734439767962,-0.031873799951705,0.3053186665285365,0.4675046400737649,0.1184832717188849,-0.1494243050561496
corridor_y_p5p0pct,0.0,0.05,0.0,0.1989438181292011,0.8200079064178537,0.6561321860558601,0.3069006413631344,0.05083587773469986,0.998649766546692,2.1176981204758962,2.3618873973527275,1.5707729625689746,1.9471473852632348,0.3896159566221928,-0.0309856797874815,0.2976710497248435,0.4550347936031638,0.1287078820870764,-0.1501449131284291
corridor_y_p8p0pct,0.0,0.08,0.0,0.19888305102443604,0.8243424234441544,0.6468067440701796,0.3072785158080291,0.050027595999074255,0.9986327701658613,2.172132955980248,2.419913482244975,1.5707794801180601,1.9648688560885612,0.3998460007406998,-0.0297458224526865,0.2866449174079969,0.4373905804484122,0.1447172887499203,-0.1513323068549164
corridor_z_m3p0pct,0.0,0.0,-0.03,0.19879556732956827,0.8136540635742853,0.6686112196080678,0.30701817995330016,0.052296269521043943,0.9986979140697647,2.0113517264118825,2.249879520565906,1.5707500478842997,1.924981293631164,0.3754626166994541,-0.0334263477674907,0.3180618726560739,0.4887751642417856,0.1029327461166712,-0.1484832119740902
corridor_z_m5p0pct,0.0,0.0,-0.05,0.1985543691827601,0.814408219513821,0.6663115589252294,0.30748931243076266,0.052390330698473424,0.9987084054085819,1.9993990731373605,2.2382807215808653,1.5707455040672575,1.9251180431237769,0.3750993554715888,-0.0335218406428624,0.3187983364331835,0.4900491952976948,0.1021008821958787,-0.1484539929725661
corridor_z_m8p0pct,0.0,0.0,-0.08,0.19817997517889274,0.8155106128076864,0.6629067909012772,0.3082398695067276,0.052524537864004184,0.9987235045363005,1.9816127627427997,2.221124482463936,1.570737836652331,1.9255320286939088,0.3746388699839527,-0.0336627634887379,0.3198491697420998,0.4918724047723393,0.1009352366858828,-0.1484320298933034
corridor_z_p3p0pct,0.0,0.0,0.03,0.19953400407085164,0.8112970416834467,0.6757388515982583,0.3057383687272841,0.05201014968381193,0.9986670781412645,2.0474346002961203,2.2846525931926918,1.570761456304032,1.923981198964796,0.3763022608368442,-0.0331684710675309,0.3161480065756057,0.485478795747662,0.1050761105410685,-0.1485097522906085
corridor_z_p5p0pct,0.0,0.0,0.05,0.19977109184021646,0.8104829642028917,0.6781641410563523,0.3053547033990225,0.051909151921017624,0.9986563237545649,2.0595809497328603,2.2964429447094434,1.570764600241043,1.9237707468617045,0.3766320047853152,-0.0330825706444794,0.3154873119345379,0.4843456485716167,0.1058319120768382,-0.148531813933273
corridor_z_p8p0pct,0.0,0.0,0.08,0.20013491814869597,0.8092319018244971,0.6818805824767724,0.3048180020478189,0.051757847080766216,0.9986406044398215,2.077845270621334,2.3140628158227035,1.570768818922279,1.9231796063186275,0.3770068086761139,-0.0329647828160517,0.3146201291160733,0.4828624577776044,0.1068094784290099,-0.1485359152158415
