name,design_phase,x,y,z,Gmax_y,max_error_pct,rms_error_pct,a_d0_fit,h_d0_fit,err_ct,err_ut,err_sb,err_db,err_Vus,err_Vcb,err_Vub
baseline_zero_bias,baseline,0.0,0.0,0.0,0.7578184046549293,0.6971630963601205,0.4806276773169116,0.2577452319272851,2.6632480949094623,0.15973505404689448,-0.44486708122554175,0.6369274582176843,0.6971630963601205,-0.5546548592081813,-0.025933390749022234,-0.4399672924375042
axis_x_m2p0pct,phase1_axis,-0.02,0.0,0.0,0.7507485862340532,3.279169374267732,1.9221054325718405,0.25668563821700374,2.641731844083797,-0.5024800490369352,-3.279169374267732,0.795773890741569,-1.7732835764139865,-2.2554825821945235,-0.10279321387104412,-2.4454914069923284
axis_x_m1p0pct,phase1_axis,-0.01,0.0,0.0,0.7542708210413742,1.866426021224299,1.0945886483768061,0.2571984823101416,2.652463636131996,-0.1687020292432062,-1.866426021224299,0.7140940326799461,-0.5392844020411625,-1.4071246971777307,-0.06976600049281023,-1.4454198472026447
axis_x_p1p0pct,phase1_axis,0.01,0.0,0.0,0.7613670157520085,1.9355395265944209,0.901205402026602,0.25832519960830247,2.674001421006767,0.482827716761558,0.9852127567051117,0.5641734801907994,1.9355395265944209,0.3018446600304925,0.029119491932916297,0.5699722257150208
axis_x_p2p0pct,phase1_axis,0.02,0.0,0.0,0.7649167029279412,3.175297365934915,1.7200534650825396,0.25893778644561327,2.684725448019428,0.8005763982423142,2.4235031690853948,0.49576221751781446,3.175297365934915,1.1622691905678773,0.09581761978270098,1.5834939384702595
axis_y_m2p0pct,phase1_axis,0.0,-0.02,0.0,0.7417672495076388,10.104179736302775,5.787563906468327,0.278420759582278,2.5685887896672206,-1.2527214300013023,-2.9929180932287247,-2.820636577170388,10.104179736302775,4.3866738409075845,1.5930936506994842,9.597557423419723
axis_y_m1p0pct,phase1_axis,0.0,-0.01,0.0,0.749809536079319,5.308522665224946,2.8470171053297575,0.2677632977667933,2.6162292514394276,-0.5223455969225466,-1.6684516136673322,-1.1494341560664978,5.308522665224946,1.9209633904043955,0.7727226052198999,4.460174518813931
axis_y_p1p0pct,phase1_axis,0.0,0.01,0.0,0.765966789828481,5.180768888144794,2.9271478484843256,0.24824732745274067,2.710477877077412,0.8000061874807507,0.6836442901802409,2.6176819170841803,-3.8535516988792873,-3.1122019190683248,-0.8010592364580904,-5.180768888144794
axis_y_p2p0pct,phase1_axis,0.0,0.02,0.0,0.7741187135347329,9.684121064581985,5.6944135764861015,0.2394808454283928,2.7570581348146206,1.3892972167723228,1.705044599190897,4.863156849995942,-8.328840958146344,-5.7450966255272355,-1.5293383323645715,-9.684121064581985
axis_z_m2p0pct,phase1_axis,0.0,0.0,-0.02,0.7567311760043955,2.654182906128111,1.1477285619570456,0.26104144682519625,2.652238467364741,0.2356564438107389,-0.6722881385764823,0.15364814270988347,2.654182906128111,0.18627506487287615,0.26956260394581655,1.2400820999286521
axis_z_m1p0pct,phase1_axis,0.0,0.0,-0.01,0.7572803395012391,1.6737629196698522,0.7078649499219006,0.2593805706438935,2.657765006394648,0.20180483632938895,-0.553441661829901,0.3920647382820608,1.6737629196698522,-0.18698243000744297,0.12155899284083116,0.3943989834452877
axis_z_p1p0pct,phase1_axis,0.0,0.0,0.01,0.7583609160422354,1.2661778292632375,0.7054991080383956,0.25613026307823905,2.6687227445287953,0.1173147583081624,-0.3374891343926656,0.8904645787301213,-0.2725073951629797,-0.9254884762757376,-0.17180980857423034,-1.2661778292632375
axis_z_p2p0pct,phase1_axis,0.0,0.0,0.02,0.7589288774688128,2.0837298600891008,1.1367254926300108,0.2545371255304184,2.674260381492156,0.07456204295526181,-0.23128560436728174,1.1531660283168987,-1.2352037200719423,-1.2995095513921417,-0.31588932745076903,-2.0837298600891008
pair_xm1p5_ym1p5,phase2_interaction,-0.015,-0.015,0.0,0.7406362620249726,5.646236269470917,3.5745373775459957,0.2719441343020799,2.5773526177315143,-1.3665843003697442,-4.40601643828753,-1.912611214887494,5.646236269470917,1.8032290250732164,1.0435143789513157,5.318088556416667
pair_xm1p5_yp1p5,phase2_interaction,-0.015,0.015,0.0,0.7646021561522199,8.811979478607125,5.191673182959967,0.24322023679988805,2.716773725617764,0.5985574320971132,-0.9533855485437837,3.8992063419348577,-7.826316519780385,-5.652852158096078,-1.160309376637081,-8.811979478607125
pair_xp1p5_ym1p5,phase2_interaction,0.015,-0.015,0.0,0.7509508035461269,9.764626334234272,5.323414975366525,0.2742258147356067,2.6074075235264536,-0.4066876115718654,-0.20881319571510737,-2.0822106049911304,9.764626334234272,4.5345346600631276,1.35525452816736,8.722384041384235
pair_xp1p5_yp1p5,phase2_interaction,0.015,0.015,0.0,0.7754965423511495,6.106521592184599,3.6709498390715196,0.24438448996175313,2.750915144275762,1.5936799942989133,3.3901136588744496,3.5218492751331487,-4.37351631022559,-3.1822211626522767,-1.1624189374424998,-6.106521592184599
pair_xm1p5_zm1p5,phase2_interaction,-0.015,0.0,-0.015,0.7516923537812006,2.739120113046245,1.18535715324282,0.2594791424001001,2.6386687078194293,-0.277198091356301,-2.739120113046245,0.3567605849138511,0.3481070839095546,-1.2497309457913386,0.12728925101583854,-0.6552836351936708
pair_xm1p5_zp1p5,phase2_interaction,-0.015,0.0,0.015,0.7533608067146302,3.2154065651518238,2.0919778958421484,0.2544513012500518,2.6555878256105956,-0.3934536462319782,-2.411264869453067,1.1749780710266666,-2.64452891350595,-2.4215378513546715,-0.2980016575891642,-3.2154065651518238
pair_xp1p5_zm1p5,phase2_interaction,0.015,0.0,-0.015,0.7623238581731847,3.9805665386507982,1.9146074733716496,0.26100670120544495,2.671290752171527,0.7027032544556944,1.5328966775483455,0.1945899363952064,3.9805665386507982,1.2589308992060566,0.287795704945637,2.2947722682303384
pair_xp1p5_zp1p5,phase2_interaction,0.015,0.0,0.015,0.7639401116039056,1.871214637063856,0.9113309079496142,0.25604290199903845,2.6878449217117524,0.5813241437027106,1.871214637063856,0.9169811479076362,1.0106756193094757,0.1318781327526164,-0.18207725713614842,-0.2478358043686013
pair_ym1p5_zm1p5,phase2_interaction,0.0,-0.015,-0.015,0.744968880817827,9.228251248129759,5.105322470876784,0.2756682941171759,2.584055243616519,-0.8292211251303527,-2.4963946084965216,-2.2893369659617524,9.228251248129759,3.687562223124674,1.4111155092737304,8.339039634965562
pair_ym1p5_zp1p5,phase2_interaction,0.0,-0.015,0.015,0.746595966767041,6.188836507642237,3.5263069197816974,0.2704592252364989,2.6006649698903104,-0.9332254265383977,-2.1412445231154043,-1.6995255000150644,6.188836507642237,2.62984828434909,0.9578054842943384,5.706528546763567
pair_yp1p5_zm1p5,phase2_interaction,0.0,0.015,-0.015,0.7691764365946441,6.260116444744845,3.5613048349110135,0.24606516432557268,2.7254789311675003,1.168516708105427,1.0533697596757596,3.198957942247249,-4.637937847490203,-3.8006403058965077,-0.9630689032381068,-6.260116444744845
pair_yp1p5_zp1p5,phase2_interaction,0.0,0.015,0.015,0.7708976477710523,8.536905728890599,5.001052539462393,0.2417409359358145,2.7416481079293007,1.0353803280019669,1.36290876573959,4.188068003743095,-7.4213544198866055,-4.979985831336775,-1.3596762320759237,-8.536905728890599
validation_01,phase2_validation,-0.0166906968976708,-0.0177588310503958,-0.0167414382814477,0.7369541868464903,8.552441469521899,5.170959793880648,0.27795843055148756,2.5528431542654175,-1.5698706501429793,-5.198754067250144,-2.7156918080900927,8.552441469521899,2.9631290229303664,1.4987736410505992,8.13231489182602
validation_02,phase2_validation,-0.0122683900042898,0.010103876561482,0.0044575806308353,0.7618977940345512,6.621155263965317,3.858836260795635,0.24715962868943095,2.699281301416589,0.37539767425958104,-1.0249461832389284,2.874677053674768,-5.652223224634934,-4.270999424190769,-0.8662299152319974,-6.621155263965317
validation_03,phase2_validation,-0.0022073971764227,0.017230356477012,-0.0037629185249522,0.7708433401885022,8.411698829138793,4.885637486784057,0.24221068600926823,2.739851985286952,1.1749056855542728,1.0750201084517297,4.123414104132417,-7.038428479821346,-5.058981249185301,-1.287678589906005,-8.411698829138793
validation_04,phase2_validation,0.010999625234478,0.0019447359453563,-0.0136949715867342,0.7625494809182062,2.482466126640892,1.1560979501762714,0.25867445204720024,2.6768004370718246,0.7040025024092955,1.21133240084903,0.5918813527011846,2.482466126640892,0.388329776355123,0.0826937713846343,0.8499362937553379
validation_05,phase2_validation,0.0195131290489759,0.0096082345211527,0.0162620183224917,0.7735923625325916,4.426561709673549,2.823152357887509,0.24712340665892618,2.7391230178866595,1.3365940457079617,3.6411864476658007,2.8033932382600213,-2.8968881794937174,-1.996347570035073,-0.9569614926882686,-4.426561709673549
validation_06,phase2_validation,0.0074415802694216,-0.0109447115094505,0.0086197077368819,0.7520962108198059,5.8698318600928,3.122502683033579,0.26778448341608896,2.6241458136531906,-0.3826257266641764,-0.6387227199113332,-1.1743579845031493,5.8698318600928,2.5060413615386468,0.7840963215594021,4.996668769337709
validation_07,phase2_validation,-0.0096297463073575,-0.0069259474504271,-0.0097270843377641,0.7483835950610457,3.6171527143529447,2.0715306730520715,0.2656940656515798,2.615233246189703,-0.5843697855129504,-2.74870344647572,-0.7771162722252201,3.6171527143529447,0.6825266813270003,0.6034663258200679,2.7611770834647498
validation_08,phase2_validation,0.0042447431931197,-0.0008398559478993,0.010928888105964,0.7592313240290951,0.7177860529143487,0.43192699289393255,0.25704988830821324,2.6697811059926275,0.19766700428205386,0.18243873892089812,0.7177860529143487,0.5538130717605005,-0.3821338781171857,-0.09759767948862574,-0.5060563291119591
corridor_x_m3p0pct,corridor,-0.03,0.0,0.0,0.7472314072203685,4.67432877770404,2.827508777555069,0.255966493967399,2.631458819573017,-0.8337833987754895,-4.67432877770404,0.9230731736689979,-3.131105619087604,-3.17286297064977,-0.13917892974057988,-3.5604466356171427
corridor_x_m5p0pct,corridor,-0.05,0.0,0.0,0.740205147683979,7.4376492044273546,4.539717089122288,0.25511113299769,2.609820244937237,-1.5125281769597154,-7.4376492044273546,1.117491548369931,-5.576310938698203,-4.866263560620632,-0.14931438015551857,-5.532630902147528
corridor_x_m8p0pct,corridor,-0.08,0.0,0.0,0.7296836596938305,11.50378076622981,7.0344602385236215,0.25432525160485026,2.576611965054317,-2.563125018273671,-11.50378076622981,1.4091309333329693,-9.090494551699713,-7.321474977773434,-0.08161434251479083,-8.32138427318344
corridor_x_p3p0pct,corridor,0.03,0.0,0.0,0.7684697243346807,4.2824695611823005,2.5301835538880844,0.2593249620016009,2.6959348830868426,1.1209419535462395,3.87968832503085,0.4663439402400327,4.2824695611823005,1.9522416166663392,0.15378916523918207,2.4723245542846772
corridor_x_p5p0pct,corridor,0.05,0.0,0.0,0.7755776967844449,6.910593314870317,4.358077701619713,0.2609492261480542,2.7166951348190067,1.7458069767191997,6.816053145554979,0.3205081989374303,6.910593314870317,3.742380874578277,0.37225968795928654,4.630383238533087
corridor_x_p8p0pct,corridor,0.08,0.0,0.0,0.7862467925589653,11.298376957778622,7.051076603142028,0.26323204263336597,2.7483879968189817,2.6596779629387113,11.298376957778622,0.18520282362155527,10.652494528968504,6.34086264467808,0.7693329781126801,7.680378116444975
corridor_y_m3p0pct,corridor,0.0,-0.03,0.0,0.7336981426389746,14.936631105204201,8.753597314774337,0.289349874887588,2.521048601445168,-2.023133126605614,-4.40755867046887,-4.379596986513601,14.936631105204201,6.765452219440382,2.396033859366087,14.80075944122412
corridor_y_m5p0pct,corridor,0.0,-0.05,0.0,0.7178565644857858,25.680358226999388,14.927947444805225,0.3124864607000412,2.426608696712524,-3.6869995122359223,-7.50150893626399,-7.329284933088109,25.11159557044462,11.437709326030099,3.9276022790315945,25.680358226999388
corridor_y_m8p0pct,corridor,0.0,-0.08,0.0,0.6942607785878171,46.24397964441413,21.085778599705886,0.197968310159659,2.16108475392561,-6.4747786063305,-12.738434527429854,-8.92781346483007,9.449601670232033,-46.24397964441413,-22.901117056875908,-8.724236418479114
corridor_y_p3p0pct,corridor,0.0,0.03,0.0,0.7822346736911,13.661224651880266,8.28648186767604,0.23208363899993792,2.8013933564629188,1.9355187264871843,2.6288331186876235,7.351575673353938,-12.463684825384924,-8.326567249479167,-2.1572182179731114,-13.661224651880266
corridor_y_p5p0pct,corridor,0.0,0.05,0.0,0.7986909497216144,20.46086819080106,13.35829634928262,0.2215675336794909,2.8844311614407903,2.8779344964889875,4.1566661800648275,13.989584585707782,-20.46086819080106,-13.8039086193398,-3.066926833736272,-20.229647832121124
corridor_y_p8p0pct,corridor,0.0,0.08,0.0,0.8234861787554155,31.09026795769654,20.416504047739636,0.22734603730000108,2.9696753607716504,3.931061979565875,5.680303437869516,31.09026795769654,-29.702796681473075,-22.116164399689286,-2.6711091155346423,-22.912789512467626
corridor_z_m3p0pct,corridor,0.0,0.0,-0.03,0.7561754841315885,3.6445619712876853,1.639717552241008,0.2627136226172548,2.6466528370130327,0.27698968745071273,-0.783240007535746,-0.0751802636014931,3.6445619712876853,0.5478092464987316,0.4198814164377396,2.089413303423049
corridor_z_m5p0pct,corridor,0.0,0.0,-0.05,0.7550365163447089,5.64573615401851,2.669922591999014,0.2661064078132406,2.635336311479984,0.3584101419818797,-1.008965816499685,-0.5110896801094444,5.64573615401851,1.2616139580188035,0.7237103122372135,3.8081440236832353
corridor_z_m8p0pct,corridor,0.0,0.0,-0.08,0.7532587608681085,8.836948435470337,4.337478405201679,0.2715683404643965,2.6175183480786544,0.4694124964659485,-1.3660198791332179,-1.145330194597749,8.836948435470337,2.382231687627545,1.2055762456299135,6.563367520086616
corridor_z_p3p0pct,corridor,0.0,0.0,0.03,0.7594855371793569,2.895566877375977,1.6155616846870566,0.25296126056380236,2.679712093979144,0.03944279611756141,-0.11678339358124346,1.4274692650090737,-2.1876154694840277,-1.6849252822315641,-0.4565874626935029,-2.895566877375977
corridor_z_p5p0pct,corridor,0.0,0.0,0.05,0.7605778504398248,4.482378747687099,2.598862324797276,0.24989864315880955,2.690474531184531,-0.04752374039908025,0.09011120206667833,2.003560778989688,-4.077536706155893,-2.448940417185075,-0.73391372675643,-4.482378747687099
corridor_z_p8p0pct,corridor,0.0,0.0,0.08,0.7621507875136582,6.729345929898789,4.006690303080068,0.24573320360735118,2.7055937576864295,-0.17187362051532817,0.4021700050615973,2.909458024791167,-6.729345929898789,-3.5601595496286054,-1.1135416321263691,-6.672326087026404
