n_fixed,fixed,n_fitted,max_error_pct,rms_error_pct,h_Q,h_u0,h_u1,a_d0,a_d1,h_d0,h_d1
0,,7,5.229039423682025e-10,2.2562261854661312e-10,2.7925389337944106,2.9120088678703735,-0.03160013959385012,0.25964116752925454,0.2422827169974288,2.6640093114499566,-0.6589858824727635
1,c_Q,6,0.2892299131050491,0.1771489716455063,2.7789116689875484,2.9131618481760406,-0.03163394133205063,0.26039323046469876,0.24244257631639704,2.662774052250341,-0.6585421635522134
1,c_u0,6,0.014948234408929117,0.008791699587152035,2.792545502925675,2.90522583575971,-0.03159143575778375,0.25938231270787937,0.24228658935911188,2.658933013325745,-0.6579718046901715
1,c_u1,6,0.03467399234600155,0.020271614432976072,2.7928289863947695,2.8976264365651008,-0.03157854169304032,0.25908143157891905,0.24228943359125318,2.6532803363418047,-0.656849921822587
1,a_d0,6,0.18946966046025082,0.12217778731626491,2.7920650136224676,3.0008164680185487,-0.031731398405102466,0.2635365830624751,0.24231417880188816,2.7293094032856877,-0.6721064899151167
1,a_d1,6,0.570804767075006,0.34392073635890774,2.794086232403412,2.6725138394456254,-0.03139755278542578,0.2513178972577204,0.24395430601509957,2.4834222294040025,-0.6261391802639159
1,c_d0,6,0.034123402633623456,0.019703411357472528,2.7925346122432733,2.8967900645221913,-0.03158090337740452,0.2590694446463658,0.24229212096055508,2.6525975022153876,-0.6567050054130965
1,c_d1,6,0.06247689543399382,0.03593055506044352,2.7926804300017496,2.9393271376147374,-0.031636603604991,0.2606793504029936,0.24229498459111182,2.6844803662106176,-0.6631493755538469
2,c_Q+c_u0,5,0.30709862537232624,0.17753344785566996,2.7789116689875484,2.90522583575971,-0.031623713220356044,0.2600898213697867,0.2424475469690316,2.656838581263202,-0.6573549305692159
2,c_Q+c_u1,5,0.3456237550142127,0.18676686810138948,2.7789116689875484,2.8757068108683503,-0.03157854169304032,0.25899224406297755,0.24248351141945032,2.6346889466288252,-0.6529567015715357
2,c_Q+a_d0,5,0.4272951454987295,0.20796830622869286,2.7789116689875484,2.984811561175717,-0.03173727112242697,0.2635365830624751,0.24243304229075965,2.7154628705647155,-0.669083338273708
2,c_Q+a_d1,5,0.7608085045886392,0.3877249754523785,2.7789116689875484,2.7229407182165017,-0.03145577463259325,0.2532570162950576,0.24395430601509957,2.520744824716287,-0.6332432773018845
2,c_Q+c_d0,5,0.31991785329321676,0.17825394339544556,2.7789116689875484,2.8995781622805943,-0.03161658307044178,0.2598809787043047,0.24245064227679813,2.6525975022153876,-0.6565038532173176
2,c_Q+c_d1,5,0.35495186301306436,0.18253095207982561,2.7789116689875484,2.943320063663138,-0.03167503024190916,0.2615490402800218,0.24246232152094424,2.6853382319167567,-0.6631493755538469
2,c_u0+c_u1,5,0.06283847227888106,0.03231735945356847,2.793576326536627,2.90522583575971,-0.03157854169304032,0.25933031162894815,0.24227468224138937,2.659089200234942,-0.6580185776370069
2,c_u0+a_d0,5,0.8703253105316389,0.4628792365410723,2.776407811682326,2.90522583575971,-0.03162928657450835,0.2635365830624751,0.2417466523785665,2.6496609638442763,-0.6536776412761625
2,c_u0+a_d1,5,0.9201101823820279,0.4195412435925988,2.7852613976909217,2.90522583575971,-0.03160859637739859,0.258242617890348,0.24395430601509957,2.6625242967300835,-0.6628045830371799
2,c_u0+c_d0,5,0.5491552610229267,0.29454805488161384,2.780022816416796,2.90522583575971,-0.03162085216613875,0.261838281129388,0.24183213414651353,2.6525975022153876,-0.6546973127817172
2,c_u0+c_d1,5,0.6974335717161884,0.37084989074297375,2.799789073370154,2.90522583575971,-0.031574902626574294,0.25715763335698727,0.2435060357700295,2.6653644687232276,-0.6631493755538469
2,c_u1+a_d0,5,0.5292986942862954,0.3431998877370351,2.794007316853585,2.967431162308107,-0.03157854169304032,0.2635365830624751,0.24190383622708508,2.701813875015232,-0.6654788828230419
2,c_u1+a_d1,5,0.8757150702932481,0.4134403505604797,2.78427920552407,2.8670896663698007,-0.03157854169304032,0.25694140618160605,0.24395430601509957,2.633498171822536,-0.6568315724266646
2,c_u1+c_d0,5,0.03453607038206297,0.020473973501361396,2.7927342867196603,2.896740468649883,-0.03157854169304032,0.2590546441671522,0.24229081203249606,2.6525975022153876,-0.656710978439462
2,c_u1+c_d1,5,0.2810819477264359,0.13466439558618976,2.797364366823607,2.9347263524994123,-0.03157854169304032,0.2600764893874393,0.2423685190277149,2.682297159140802,-0.6631493755538469
2,a_d0+a_d1,5,0.8872989779735052,0.4144681021757674,2.7880598317956347,3.0344044471527774,-0.03179828363154502,0.2635365830624751,0.24395430601509957,2.758416705420214,-0.6822506279994413
2,a_d0+c_d0,5,0.8467611246903983,0.44729833463567636,2.7764392372193676,2.9089320963667045,-0.03163399425910181,0.2635365830624751,0.24174083707584113,2.6525975022153876,-0.6542530533120823
2,a_d0+c_d1,5,0.4246530564206097,0.24504613157062557,2.784964538593032,2.9577808733531925,-0.03168114934829406,0.2635365830624751,0.24184233850963804,2.6931279249837163,-0.6631493755538469
2,a_d1+c_d0,5,0.9077503282921118,0.41732515975677,2.785426779448332,2.8919848852766137,-0.03159171915789357,0.2577356866640168,0.24395430601509957,2.6525975022153876,-0.6607904875076108
2,a_d1+c_d1,5,0.9200616769724501,0.41984864530765065,2.785437663803612,2.9073264552179467,-0.03161085747683972,0.25830143425885693,0.24395430601509957,2.6641577698814767,-0.6631493755538469
2,c_d0+c_d1,5,1.181359050070352,0.5982196834427222,2.797856589753839,2.885728158017639,-0.03155536976488935,0.25597503046058284,0.244462347480012,2.6525975022153876,-0.6631493755538469
3,c_Q+c_u0+c_u1,4,0.4382375529291549,0.2143244979368086,2.7789116689875484,2.90522583575971,-0.03157854169304032,0.2600928592643942,0.24244734864393977,2.6568341782256755,-0.65735329784824
3,c_Q+c_u0+a_d0,4,0.8983826537597439,0.4642593610873646,2.7789116689875484,2.90522583575971,-0.031623209980888536,0.2635365830624751,0.24168704248502795,2.649779476154712,-0.6536476762618078
3,c_Q+c_u0+a_d1,4,0.9087137597431516,0.42770226300988584,2.7789116689875484,2.90522583575971,-0.031623774625494254,0.2586468361429269,0.24395430601509957,2.6613181615042785,-0.6622688960988773
3,c_Q+c_u0+c_d0,4,0.5309736411499122,0.2950703601173585,2.7789116689875484,2.90522583575971,-0.03162353483021691,0.2618263201468439,0.24186902540328936,2.6525975022153876,-0.6547530776890168
3,c_Q+c_u0+c_d1,4,0.770805421825127,0.46423757422709844,2.7789116689875484,2.90522583575971,-0.03162387313157126,0.25786132420259894,0.2440060970643959,2.6632258300743703,-0.6631493755538469
3,c_Q+c_u1+a_d0,4,0.7508363622435676,0.395919836539848,2.7789116689875484,2.9473931501482666,-0.03157854169304032,0.2635365830624751,0.24205162310311537,2.684557395641548,-0.6617422371038784
3,c_Q+c_u1+a_d1,4,0.8477474916391614,0.4195859121886748,2.7789116689875484,2.855646585933207,-0.03157854169304032,0.25689835436093367,0.24395430601509957,2.6237721300610266,-0.6545900771049902
3,c_Q+c_u1+c_d0,4,0.3984282413692086,0.20475777554422805,2.7789116689875484,2.8993884577087163,-0.03157854169304032,0.2598167035960341,0.24247061355843147,2.6525975022153876,-0.6565638186359735
3,c_Q+c_u1+c_d1,4,0.6654347470743782,0.3042733260251476,2.7789116689875484,2.936441420255987,-0.03157854169304032,0.2608810168555668,0.2427373541316296,2.6813620602301804,-0.6631493755538469
3,c_Q+a_d0+a_d1,4,0.8907476585992891,0.42968145763988724,2.7789116689875484,3.021069044708636,-0.03179724114109188,0.2635365830624751,0.24395430601509957,2.7468954584522853,-0.6795395213833669
3,c_Q+a_d0+c_d0,4,0.8762733328128602,0.44871721084736493,2.7789116689875484,2.908796531154615,-0.0316278154132219,0.2635365830624751,0.2416794655017152,2.6525975022153876,-0.6541919172002514
3,c_Q+a_d0+c_d1,4,0.3711301593617433,0.2597398359806503,2.7789116689875484,2.9568806506897305,-0.031694466296561356,0.2635365830624751,0.24200560654233333,2.6921546203526514,-0.6631493755538469
3,c_Q+a_d1+c_d0,4,0.8976370227007591,0.42596203788195347,2.7789116689875484,2.893623652034297,-0.031609261849562816,0.25821082060684003,0.24395430601509957,2.6525975022153876,-0.6604920216934489
3,c_Q+a_d1+c_d1,4,0.9112760081008586,0.42843191297136246,2.7789116689875484,2.9109321538263973,-0.03163110390338175,0.2588536944727297,0.24395430601509957,2.665623412004773,-0.6631493755538469
3,c_Q+c_d0+c_d1,4,1.1264563456285348,0.6458906608407053,2.7789116689875484,2.8891134275173056,-0.031603830929422594,0.2569626182254601,0.2447842038298497,2.6525975022153876,-0.6631493755538469
3,c_u0+c_u1+a_d0,4,0.9087596730494862,0.47895732177011496,2.7799086717372856,2.90522583575971,-0.03157854169304032,0.2635365830624751,0.24166386429114275,2.6498285390926926,-0.6536376193250505
3,c_u0+c_u1+a_d1,4,0.9241228728563033,0.42579476242723097,2.787628798391693,2.90522583575971,-0.03157854169304032,0.2580949133968081,0.24395430601509957,2.6629691982667625,-0.6630031689898263
3,c_u0+c_u1+c_d0,4,0.5904077491212911,0.3124019146824403,2.7825756666610144,2.90522583575971,-0.03157854169304032,0.2618669418219484,0.24174793378668916,2.6525975022153876,-0.654570649344539
3,c_u0+c_u1+c_d1,4,0.6964068142172319,0.3709598455762233,2.7995132450508065,2.90522583575971,-0.03157854169304032,0.25716641363727205,0.24351255787984116,2.6653370089697104,-0.6631493755538469
3,c_u0+a_d0+a_d1,4,1.0307804736794157,0.7407553390278431,2.7585537729540963,2.90522583575971,-0.031673582454575175,0.2635365830624751,0.24395430601509957,2.651069935978062,-0.6589005968883686
3,c_u0+a_d0+c_d0,4,1.3056203707550118,0.5933046022776074,2.7872957032338674,2.90522583575971,-0.03160289241384316,0.2635365830624751,0.24218552951320865,2.6525975022153876,-0.6561618256913696
3,c_u0+a_d0+c_d1,4,1.5018264867582065,1.0315879716508773,2.7707535865352586,2.90522583575971,-0.03164269844002681,0.2635365830624751,0.2448502061386551,2.6544210875779997,-0.6631493755538469
3,c_u0+a_d1+c_d0,4,1.018625442341592,0.647388619880715,2.7581191936745277,2.90522583575971,-0.03167502104509398,0.2622035065563891,0.24395430601509957,2.6525975022153876,-0.6591513657357497
3,c_u0+a_d1+c_d1,4,0.8956035163089293,0.4217694663608981,2.78789458818199,2.90522583575971,-0.03160239487920012,0.25794939823896845,0.24395430601509957,2.6633247331766317,-0.6631493755538469
3,c_u0+c_d0+c_d1,4,1.4733946134976472,1.0594413952004933,2.7528405852008517,2.90522583575971,-0.03168838358141226,0.26298369575540764,0.24535854655577363,2.6525975022153876,-0.6631493755538469
3,c_u1+a_d0+a_d1,4,0.9809088590267745,0.6335327731793877,2.787472165446246,2.9912246164534366,-0.03157854169304032,0.2635365830624751,0.24395430601509957,2.72330891376605,-0.6749964525971021
3,c_u1+a_d0+c_d0,4,0.8894768960792332,0.4669489591252503,2.7802771844326966,2.908687079286633,-0.03157854169304032,0.2635365830624751,0.24165352335457838,2.6525975022153876,-0.6541821448363377
3,c_u1+a_d0+c_d1,4,0.5243120168691551,0.34928213359565874,2.7914380911244585,2.9563515190081633,-0.03157854169304032,0.2635365830624751,0.24179002817219977,2.6924421748043605,-0.6631493755538469
3,c_u1+a_d1+c_d0,4,0.9086179806273575,0.41848634741954277,2.786542511175873,2.891677491747343,-0.03157854169304032,0.2576441948944539,0.24395430601509957,2.6525975022153876,-0.6608434327571624
3,c_u1+a_d1+c_d1,4,0.916101357481236,0.4261973187221492,2.788354851713135,2.905519288531791,-0.03157854169304032,0.25801867043862226,0.24395430601509957,2.6634257942484423,-0.6631493755538469
3,c_u1+c_d0+c_d1,4,1.168965381998266,0.6007334507330623,2.7958830046388705,2.8861169854270687,-0.03157854169304032,0.25609222279746524,0.24449628852650587,2.6525975022153876,-0.6631493755538469
3,a_d0+a_d1+c_d0,4,1.0232969510618695,0.7339528904391638,2.7580113875959316,2.9072772551197428,-0.03167763398353553,0.2635365830624751,0.24395430601509957,2.6525975022153876,-0.6591761306852391
3,a_d0+a_d1+c_d1,4,1.0224416309317697,0.6562092645267991,2.760940262725881,2.9303392301755458,-0.031701070770638176,0.2635365830624751,0.24395430601509957,2.671546521726348,-0.6631493755538469
3,a_d0+c_d0+c_d1,4,1.4539735164392997,1.0650532264598422,2.7631462228845027,2.904069681937187,-0.03166028084502418,0.2635365830624751,0.24513903523594455,2.6525975022153876,-0.6631493755538469
3,a_d1+c_d0+c_d1,4,1.5601774424661041,0.6716630466035153,2.8162855152461055,2.881980990129768,-0.0315099998886189,0.2549287807238166,0.24395430601509957,2.6525975022153876,-0.6631493755538469
4,c_Q+c_u0+c_u1+a_d0,3,0.8975988442909699,0.4791997994294595,2.7789116689875484,2.90522583575971,-0.03157854169304032,0.2635365830624751,0.24168750783833215,2.649781274793014,-0.6536492891633171
4,c_Q+c_u0+c_u1+a_d1,3,0.908767139936284,0.44428094894022335,2.7789116689875484,2.90522583575971,-0.03157854169304032,0.25864969403291166,0.24395430601509957,2.6613143135054105,-0.6622678923460094
4,c_Q+c_u0+c_u1+c_d0,3,0.5304279204056073,0.31838520210755566,2.7789116689875484,2.90522583575971,-0.03157854169304032,0.2618275524774344,0.24186942330760783,2.6525975022153876,-0.6547541353649603
4,c_Q+c_u0+c_u1+c_d1,3,0.7709456641236123,0.4796218222921098,2.7789116689875484,2.90522583575971,-0.03157854169304032,0.2578637305470543,0.24400633976111025,2.663223229584849,-0.6631493755538469
4,c_Q+c_u0+a_d0+a_d1,3,1.365123814581759,0.8086067293034597,2.7789116689875484,2.90522583575971,-0.03162292379394013,0.2635365830624751,0.24395430601509957,2.6526622276673684,-0.6600262270976496
4,c_Q+c_u0+a_d0+c_d0,3,1.3958213373655548,0.6077866777211777,2.7789116689875484,2.90522583575971,-0.031622900647043255,0.2635365830624751,0.24249882209081547,2.6525975022153876,-0.656687923220106
4,c_Q+c_u0+a_d0+c_d1,3,1.5830387607325802,1.0380014129253308,2.7789116689875484,2.90522583575971,-0.03162274368091157,0.2635365830624751,0.2446838391985283,2.6548657417316326,-0.6631493755538469
4,c_Q+c_u0+a_d1+c_d0,3,1.4870195446076595,0.760815636817761,2.7789116689875484,2.90522583575971,-0.031623239700172674,0.2627212504095106,0.24395430601509957,2.6525975022153876,-0.6597617664371745
4,c_Q+c_u0+a_d1+c_d1,3,0.7022440065391322,0.46564614081538286,2.7789116689875484,2.90522583575971,-0.031623893994872435,0.257736051864577,0.24395430601509957,2.6634883773511935,-0.6631493755538469
4,c_Q+c_u0+c_d0+c_d1,3,2.128546090380734,1.1457695920584106,2.7789116689875484,2.90522583575971,-0.031623047386587236,0.26353609372970044,0.2449699026052763,2.6525975022153876,-0.6631493755538469
4,c_Q+c_u1+a_d0+a_d1,3,1.0054599946024867,0.6424962490832388,2.7789116689875484,2.978044272880104,-0.03157854169304032,0.2635365830624751,0.24395430601509957,2.7119371468553273,-0.6723229616610531
4,c_Q+c_u1+a_d0+c_d0,3,0.8730210793081783,0.46743273231951377,2.7789116689875484,2.9087596625930905,-0.03157854169304032,0.2635365830624751,0.24168782705334074,2.6525975022153876,-0.6542171989263599
4,c_Q+c_u1+a_d0+c_d1,3,0.8021908116561893,0.3983789410596692,2.7789116689875484,2.9538036389239415,-0.03157854169304032,0.2635365830624751,0.24216325142741504,2.689934081946584,-0.6631493755538469
4,c_Q+c_u1+a_d1+c_d0,3,0.8953109599891373,0.4336582831193856,2.7789116689875484,2.893536305760034,-0.03157854169304032,0.2581776339104538,0.24395430601509957,2.6525975022153876,-0.6604976100886775
4,c_Q+c_u1+a_d1+c_d1,3,0.8942591459710325,0.45036404705122723,2.7789116689875484,2.910472652969274,-0.03157854169304032,0.25876557307092696,0.24395430601509957,2.665450324687534,-0.6631493755538469
4,c_Q+c_u1+c_d0+c_d1,3,1.125554768194248,0.6493394940444364,2.7789116689875484,2.8890528267977817,-0.03157854169304032,0.25693845941418725,0.2447835147331712,2.6525975022153876,-0.6631493755538469
4,c_Q+a_d0+a_d1+c_d0,3,1.3995192537459733,0.8085815509333714,2.7789116689875484,2.9053256936813034,-0.03162306882819607,0.2635365830624751,0.24395430601509957,2.6525975022153876,-0.6599810409604325
4,c_Q+a_d0+a_d1+c_d1,3,1.1748376366911506,0.7239468917062755,2.7789116689875484,2.924968056069375,-0.0316489671944782,0.2635365830624751,0.24395430601509957,2.6684804621393443,-0.6631493755538469
4,c_Q+a_d0+c_d0+c_d1,3,1.65340881214604,1.0891964254420532,2.7789116689875484,2.902928605034799,-0.03161987614518298,0.2635365830624751,0.24488168048953313,2.6525975022153876,-0.6631493755538469
4,c_Q+a_d1+c_d0+c_d1,3,2.130040338253214,1.031234930258405,2.7789116689875484,2.886625323291737,-0.03160096976918947,0.2563644116247038,0.24395430601509957,2.6525975022153876,-0.6631493755538469
4,c_u0+c_u1+a_d0+a_d1,3,1.1238655027337785,0.7760724128923691,2.7642122437393724,2.90522583575971,-0.03157854169304032,0.2635365830624751,0.24395430601509957,2.6515142891209784,-0.6592136038913015
4,c_u0+c_u1+a_d0+c_d0,3,1.2895295403803075,0.5963599758953664,2.7887244997873517,2.90522583575971,-0.03157854169304032,0.2635365830624751,0.2421324490086876,2.6525975022153876,-0.6560727968384462
4,c_u0+c_u1+a_d0+c_d1,3,1.54887099838954,1.0431399608002954,2.775466503471176,2.90522583575971,-0.03157854169304032,0.2635365830624751,0.2447540044441521,2.6546792112608473,-0.6631493755538469
4,c_u0+c_u1+a_d1+c_d0,3,1.05524022754937,0.690603223115556,2.762282863128617,2.90522583575971,-0.03157854169304032,0.26230842173926,0.24395430601509957,2.6525975022153876,-0.6592737054686836
4,c_u0+c_u1+a_d1+c_d1,3,0.9118583801570157,0.42624560392224753,2.7886602975670662,2.90522583575971,-0.03157854169304032,0.25796858981723664,0.24395430601509957,2.663310033400551,-0.6631493755538469
4,c_u0+c_u1+c_d0+c_d1,3,1.5948704593626406,1.0929112218106647,2.7589132516042665,2.90522583575971,-0.03157854169304032,0.26311331632401025,0.24526798000454456,2.6525975022153876,-0.6631493755538469
4,c_u0+a_d0+a_d1+c_d0,3,1.235342962520214,0.7678002801924093,2.766788342921262,2.90522583575971,-0.03165266171327004,0.2635365830624751,0.24395430601509957,2.6525975022153876,-0.6597304434836361
4,c_u0+a_d0+a_d1+c_d1,3,2.137983998402171,1.1397825881746664,2.7977715332160273,2.90522583575971,-0.03157822887930889,0.2635365830624751,0.24395430601509957,2.6565897257423314,-0.6631493755538469
4,c_u0+a_d0+c_d0+c_d1,3,1.4568619142617534,1.0743847525383348,2.757135082043071,2.90522583575971,-0.03167712574450943,0.2635365830624751,0.2452645781199503,2.6525975022153876,-0.6631493755538469
4,c_u0+a_d1+c_d0+c_d1,3,2.8655512394017535,1.4852392944529131,2.7940213761749444,2.90522583575971,-0.031587219491073217,0.2642747981123453,0.24395430601509957,2.6525975022153876,-0.6631493755538469
4,c_u1+a_d0+a_d1+c_d0,3,1.1225929460432438,0.7722514709634825,2.763908642134743,2.90668656992005,-0.03157854169304032,0.2635365830624751,0.24395430601509957,2.6525975022153876,-0.6594094821290333
4,c_u1+a_d0+a_d1+c_d1,3,1.0386588045607326,0.7192990581439909,2.7681423196166373,2.927792467788243,-0.03157854169304032,0.2635365830624751,0.24395430601509957,2.670078707512819,-0.6631493755538469
4,c_u1+a_d0+c_d0+c_d1,3,1.530852351247436,1.0829068753804045,2.769055827452356,2.903614375340765,-0.03157854169304032,0.2635365830624751,0.2450416033602581,2.6525975022153876,-0.6631493755538469
4,c_u1+a_d1+c_d0+c_d1,3,1.6039099046301297,0.694804374362848,2.8138453451365684,2.88240833173583,-0.03157854169304032,0.25507246420418395,0.24395430601509957,2.6525975022153876,-0.6631493755538469
4,a_d0+a_d1+c_d0+c_d1,3,2.6821923709277717,1.317450597200668,2.8032211535777374,2.9003729188668337,-0.03155979929066816,0.2635365830624751,0.24395430601509957,2.6525975022153876,-0.6631493755538469
5,c_Q+c_u0+c_u1+a_d0+a_d1,2,1.3642478205853958,0.8171655103439601,2.7789116689875484,2.90522583575971,-0.03157854169304032,0.2635365830624751,0.24395430601509957,2.6526634391216297,-0.6600265366766419
5,c_Q+c_u0+c_u1+a_d0+c_d0,2,1.3947788064734068,0.6191160756837878,2.7789116689875484,2.90522583575971,-0.03157854169304032,0.2635365830624751,0.242498774653389,2.6525975022153876,-0.6566876108233184
5,c_Q+c_u0+c_u1+a_d0+c_d1,2,1.5829577235477288,1.0446281479674593,2.7789116689875484,2.90522583575971,-0.03157854169304032,0.2635365830624751,0.24468379697713472,2.654866660034005,-0.6631493755538469
5,c_Q+c_u0+c_u1+a_d1+c_d0,2,1.486297179007856,0.7700354247941897,2.7789116689875484,2.90522583575971,-0.03157854169304032,0.2627223111524134,0.24395430601509957,2.6525975022153876,-0.6597618688253628
5,c_Q+c_u0+c_u1+a_d1+c_d1,2,0.7020601112268654,0.48099882274201516,2.7789116689875484,2.90522583575971,-0.03157854169304032,0.25773788984046275,0.24395430601509957,2.6634869811942896,-0.6631493755538469
5,c_Q+c_u0+c_u1+c_d0+c_d1,2,2.1278084741765735,1.1518600101702627,2.7789116689875484,2.90522583575971,-0.03157854169304032,0.26353710810643294,0.24496990972068586,2.6525975022153876,-0.6631493755538469
5,c_Q+c_u0+a_d0+a_d1+c_d0,2,1.3808636561387422,0.8086939400280474,2.7789116689875484,2.90522583575971,-0.031622930909082726,0.2635365830624751,0.24395430601509957,2.6525975022153876,-0.6599987083266439
5,c_Q+c_u0+a_d0+a_d1+c_d1,2,2.372922151235346,1.2165525151404672,2.7789116689875484,2.90522583575971,-0.031622675289806765,0.2635365830624751,0.24395430601509957,2.6563437605531015,-0.6631493755538469
5,c_Q+c_u0+a_d0+c_d0+c_d1,2,2.1284487034420874,1.145769793678069,2.7789116689875484,2.90522583575971,-0.03162304718423428,0.2635365830624751,0.24496987060123832,2.6525975022153876,-0.6631493755538469
5,c_Q+c_u0+a_d1+c_d0+c_d1,2,3.0014527980724903,1.5232138178979222,2.7789116689875484,2.90522583575971,-0.031623068855620905,0.26406453722496553,0.24395430601509957,2.6525975022153876,-0.6631493755538469
5,c_Q+c_u1+a_d0+a_d1+c_d0,2,1.3948787137078922,0.8171882906797522,2.7789116689875484,2.9053039853002525,-0.03157854169304032,0.2635365830624751,0.24395430601509957,2.6525975022153876,-0.6599846662289783
5,c_Q+c_u1+a_d0+a_d1+c_d1,2,1.1691845860943628,0.7476158349951667,2.7789116689875484,2.9246904681017067,-0.03157854169304032,0.2635365830624751,0.24395430601509957,2.668311822677338,-0.6631493755538469
5,c_Q+c_u1+a_d0+c_d0+c_d1,2,1.6542159583514238,1.0947184516684445,2.7789116689875484,2.9029117290441264,-0.03157854169304032,0.2635365830624751,0.24488109927932394,2.6525975022153876,-0.6631493755538469
5,c_Q+c_u1+a_d1+c_d0+c_d1,2,2.1277398199462505,1.0329177777815022,2.7789116689875484,2.8865748375674953,-0.03157854169304032,0.25634405674093463,0.24395430601509957,2.6525975022153876,-0.6631493755538469
5,c_Q+a_d0+a_d1+c_d0+c_d1,2,2.941633428004442,1.416527387529312,2.7789116689875484,2.901535371992371,-0.03161816836165894,0.2635365830624751,0.24395430601509957,2.6525975022153876,-0.6631493755538469
5,c_u0+c_u1+a_d0+a_d1+c_d0,2,1.1761437653339923,0.7903392212552957,2.7695106421291142,2.90522583575971,-0.03157854169304032,0.2635365830624751,0.24395430601509957,2.6525975022153876,-0.6597904328844096
5,c_u0+c_u1+a_d0+a_d1+c_d1,2,2.1381090820832505,1.1397839021484124,2.797761656448585,2.90522583575971,-0.03157854169304032,0.2635365830624751,0.24395430601509957,2.6565895950127714,-0.6631493755538469
5,c_u0+c_u1+a_d0+c_d0+c_d1,2,1.6008133151034443,1.1018375914646885,2.7617947854842946,2.90522583575971,-0.03157854169304032,0.2635365830624751,0.24520152259701913,2.6525975022153876,-0.6631493755538469
5,c_u0+c_u1+a_d1+c_d0+c_d1,2,2.8630139360756868,1.485378077500543,2.7943014588055592,2.90522583575971,-0.03157854169304032,0.2642789080122239,0.24395430601509957,2.6525975022153876,-0.6631493755538469
5,c_u0+a_d0+a_d1+c_d0+c_d1,2,2.8094547376645407,1.5065632155538966,2.791434421340041,2.90522583575971,-0.03159353897721977,0.2635365830624751,0.24395430601509957,2.6525975022153876,-0.6631493755538469
5,c_u1+a_d0+a_d1+c_d0+c_d1,2,2.6893132008472653,1.3184143054451392,2.8025682772140867,2.9004106583599993,-0.03157854169304032,0.2635365830624751,0.24395430601509957,2.6525975022153876,-0.6631493755538469
6,c_Q+c_u0+c_u1+a_d0+a_d1+c_d0,1,1.3802813144096149,0.8172548838403169,2.7789116689875484,2.90522583575971,-0.03157854169304032,0.2635365830624751,0.24395430601509957,2.6525975022153876,-0.6599984995762687
6,c_Q+c_u0+c_u1+a_d0+a_d1+c_d1,1,2.3727961603163594,1.222192735149417,2.7789116689875484,2.90522583575971,-0.03157854169304032,0.2635365830624751,0.24395430601509957,2.6563445905282617,-0.6631493755538469
6,c_Q+c_u0+c_u1+a_d0+c_d0+c_d1,1,2.1279129624732773,1.1518598235320943,2.7789116689875484,2.90522583575971,-0.03157854169304032,0.2635365830624751,0.24496994411089754,2.6525975022153876,-0.6631493755538469
6,c_Q+c_u0+c_u1+a_d1+c_d0+c_d1,1,3.0015689314574434,1.5278059003004987,2.7789116689875484,2.90522583575971,-0.03157854169304032,0.2640655621067558,0.24395430601509957,2.6525975022153876,-0.6631493755538469
6,c_Q+c_u0+a_d0+a_d1+c_d0+c_d1,1,2.941633428004442,1.5341158641562918,2.7789116689875484,2.90522583575971,-0.031623285606628776,0.2635365830624751,0.24395430601509957,2.6525975022153876,-0.6631493755538469
6,c_Q+c_u1+a_d0+a_d1+c_d0+c_d1,1,2.941633428004442,1.4204322759212555,2.7789116689875484,2.9015199894209927,-0.03157854169304032,0.2635365830624751,0.24395430601509957,2.6525975022153876,-0.6631493755538469
6,c_u0+c_u1+a_d0+a_d1+c_d0+c_d1,1,2.804526260283957,1.5070052670898373,2.7918956760688602,2.90522583575971,-0.03157854169304032,0.2635365830624751,0.24395430601509957,2.6525975022153876,-0.6631493755538469
7,c_Q+c_u0+c_u1+a_d0+a_d1+c_d0+c_d1,0,2.941633428004442,1.5387187063365917,2.7789116689875484,2.90522583575971,-0.03157854169304032,0.2635365830624751,0.24395430601509957,2.6525975022153876,-0.6631493755538469
