name,design_phase,x,y,z,center_bulk_completion_fraction,center_energy_excess_fraction,epsilon_radial_identity,epsilon_identity_abs_error,u_center,lambda_radial
baseline_zero_bias,baseline,0.0,0.0,0.0,0.8659239768610854,0.0625878658328138,0.0625878640071892,1.8256245959413775e-09,0.13407602313891465,1.0718550298948735
axis_x_m2p0pct,phase1_axis,-0.02,0.0,0.0,0.868917075745516,0.0600167286553049,0.06001672686923909,1.7860658091395365e-09,0.13108292425448398,1.0701384378984256
axis_x_m1p0pct,phase1_axis,-0.01,0.0,0.0,0.8674251159448748,0.0612927230057291,0.06129272119987798,1.805851121416957e-09,0.1325748840551252,1.0709934138312396
axis_x_p1p0pct,phase1_axis,0.01,0.0,0.0,0.8644136951011765,0.0639022620247869,0.06390226017940515,1.845381750187336e-09,0.1355863048988235,1.0727232937920816
axis_x_p2p0pct,phase1_axis,0.02,0.0,0.0,0.8628943082929105,0.0652360132601985,0.06523601139508031,1.8651181848960974e-09,0.13710569170708953,1.0735982127900365
axis_y_m2p0pct,phase1_axis,0.0,-0.02,0.0,0.8598284397351382,0.0679619132783456,0.06796191129614403,1.9822015695503126e-09,0.14017156026486177,1.0753680056020778
axis_y_m1p0pct,phase1_axis,0.0,-0.01,0.0,0.8628943401254519,0.0652359852349565,0.06523598333217898,1.902777518880683e-09,0.13710565987454815,1.0735981944447344
axis_y_p1p0pct,phase1_axis,0.0,0.01,0.0,0.868917044862602,0.0600167549161464,0.06001675316542659,1.750719812176893e-09,0.13108295513739798,1.0701384555819249
axis_y_p2p0pct,phase1_axis,0.0,0.02,0.0,0.8718732553801489,0.0575218009837374,0.05752179930569884,1.678038562269446e-09,0.12812674461985107,1.0684484081663053
axis_z_m2p0pct,phase1_axis,0.0,0.0,-0.02,0.8654608839825929,0.0629896864105271,0.06298968457275499,1.8377721150431015e-09,0.1345391160174071,1.0721211134323965
axis_z_m1p0pct,phase1_axis,0.0,0.0,-0.01,0.8656931114646158,0.0627880513404813,0.06278804950882404,1.8316572564236466e-09,0.1343068885353842,1.071987663839285
axis_z_p1p0pct,phase1_axis,0.0,0.0,0.01,0.8661534920698123,0.0623891151344083,0.06238911331474139,1.81966691020774e-09,0.1338465079301877,1.0717232041731648
axis_z_p2p0pct,phase1_axis,0.0,0.0,0.02,0.8663816688450252,0.0621917846894721,0.06219178287569361,1.8137784885130515e-09,0.1336183311549748,1.071592179341143
pair_xm1p5_ym1p5,phase2_interaction,-0.015,-0.015,0.0,0.8636551853341286,0.0645666700454716,0.06456666813374683,1.9117247784805613e-09,0.13634481466587145,1.0731598933852275
pair_xm1p5_yp1p5,phase2_interaction,-0.015,0.015,0.0,0.8726065391683383,0.0569098388902539,0.05690983720496709,1.6852868128802712e-09,0.1273934608316617,1.0680300202776392
pair_xp1p5_ym1p5,phase2_interaction,0.015,-0.015,0.0,0.8590563110774242,0.0686556637724513,0.06865566179983529,1.9726160149780014e-09,0.1409436889225758,1.075814642129313
pair_xp1p5_yp1p5,phase2_interaction,0.015,0.015,0.0,0.8681721993177041,0.0606523783970994,0.060652376654188364,1.7429110377165102e-09,0.13182780068229594,1.0705651228138617
pair_xm1p5_zm1p5,phase2_interaction,-0.015,0.0,-0.015,0.8678288584126647,0.060946315733619,0.06094631392863726,1.8049817404608426e-09,0.13217114158733534,1.0707619121484493
pair_xm1p5_zp1p5,phase2_interaction,-0.015,0.0,0.015,0.8685126155226011,0.0603615321313231,0.06036153034421337,1.7871097310329098e-09,0.13148738447739894,1.0703700811999193
pair_xp1p5_zm1p5,phase2_interaction,0.015,0.0,-0.015,0.863304923917914,0.0648744393735542,0.06487443750916654,1.864387658145894e-09,0.13669507608208598,1.0733616244595443
pair_xp1p5_zp1p5,phase2_interaction,0.015,0.0,0.015,0.8640022923875635,0.0642622714920465,0.06426226964576233,1.846284167217327e-09,0.13599770761243646,1.0729600538410495
pair_ym1p5_zm1p5,phase2_interaction,0.0,-0.015,-0.015,0.8610123008053059,0.0669038686927718,0.06690386674110746,1.951664344024273e-09,0.13898769919469411,1.074683922902901
pair_ym1p5_zp1p5,phase2_interaction,0.0,-0.015,0.015,0.8617164266663632,0.0662778269868273,0.06627782505391601,1.9329112893595735e-09,0.13828357333363683,1.0742774631801746
pair_yp1p5_zm1p5,phase2_interaction,0.0,0.015,-0.015,0.8700598234122193,0.0590470109299652,0.059047009207154076,1.7228111229283805e-09,0.12994017658778068,1.0694845025602895
pair_yp1p5_zp1p5,phase2_interaction,0.0,0.015,0.015,0.8707367300899851,0.0584757276808557,0.05847572597528887,1.7055668335985708e-09,0.1292632699100149,1.0690975206884388
validation_01,phase2_validation,-0.0166906968976708,-0.0177588310503958,-0.0167414382814477,0.8626810257327325,0.0654241510001976,0.06542414905949519,1.9407024182127586e-09,0.13731897426726747,1.0737211430031341
validation_02,phase2_validation,-0.0122683900042898,0.010103876561482,0.0044575806308353,0.8708657876158892,0.0583670730524581,0.05836707132887686,1.7235812360683056e-09,0.12913421238411082,1.069023771367732
validation_03,phase2_validation,-0.0022073971764227,0.017230356477012,-0.0037629185249522,0.8712987265662366,0.0580031987872481,0.058003197091370945,1.6958771539843376e-09,0.12870127343376336,1.0687764447261316
validation_04,phase2_validation,0.010999625234478,0.0019447359453563,-0.0136949715867342,0.8645330856851805,0.0637979432508916,0.06379794141008008,1.8408115171064665e-09,0.1354669143148195,1.072654604713028
validation_05,phase2_validation,0.0195131290489759,0.0096082345211527,0.0162620183224917,0.8662519029321667,0.0623039760610427,0.062303974279046694,1.7819960090870168e-09,0.1337480970678333,1.0716666902563874
validation_06,phase2_validation,0.0074415802694216,-0.0109447115094505,0.0086197077368819,0.8616701400555994,0.0663189059378622,0.0663189040180023,1.9198598960601387e-09,0.1383298599444006,1.0743041728865401
validation_07,phase2_validation,-0.0096297463073575,-0.0069259474504271,-0.0097270843377641,0.8650622797054388,0.0633364077109081,0.0633364058454158,1.8654922884220326e-09,0.1349377202945612,1.0723502489771402
validation_08,phase2_validation,0.0042447431931197,-0.0008398559478993,0.010928888105964,0.8652820639294676,0.0631451329947602,0.0631451311608761,1.8338841001330763e-09,0.1347179360705324,1.072223895075006
corridor_x_m3p0pct,corridor,-0.03,0.0,0.0,0.8703998206818391,0.0587597747492378,0.05875977298296486,1.7662729404066546e-09,0.12960017931816092,1.0692900939601866
corridor_x_m5p0pct,corridor,-0.05,0.0,0.0,0.873337528795257,0.0563025408213176,0.05630253909463708,1.7266805207860614e-09,0.12666247120474305,1.0676132673678937
corridor_x_m8p0pct,corridor,-0.08,0.0,0.0,0.8776741494641536,0.0527566191435252,0.05275661747618586,1.6673393429811334e-09,0.12232585053584644,1.0651475393484837
corridor_x_p3p0pct,corridor,0.03,0.0,0.0,0.8613658550794191,0.0665892179433949,0.0665892160585649,1.8848300004092877e-09,0.1386341449205809,1.0744797937182886
corridor_x_p5p0pct,corridor,0.05,0.0,0.0,0.8582819090523343,0.0693543645202339,0.06935436259607172,1.924162176814015e-09,0.14171809094766574,1.0762629664838839
corridor_x_p8p0pct,corridor,0.08,0.0,0.0,0.8535890157946104,0.0736502501446383,0.0736502481617711,1.9828672037647266e-09,0.14641098420538956,1.0789878354682767
corridor_y_m3p0pct,corridor,0.0,-0.03,0.0,0.8567265969255918,0.0707663967256534,0.07076639466173484,2.063918549954913e-09,0.14327340307440817,1.0771645127029708
corridor_y_m5p0pct,corridor,0.0,-0.05,0.0,0.8504164485889842,0.0766137381939089,0.07661373595959924,2.2343096678367758e-09,0.14958355141101576,1.0808377765583954
corridor_y_m8p0pct,corridor,0.0,-0.08,0.0,0.8406905953513512,0.0859893029952281,0.08598930048769,2.5075380938321956e-09,0.15930940464864884,1.086548714406964
corridor_y_p3p0pct,corridor,0.0,0.03,0.0,0.8747923361537251,0.0551021033036936,0.05510210169613874,1.6075548600613665e-09,0.1252076638462749,1.0667848174071095
corridor_y_p5p0pct,corridor,0.0,0.05,0.0,0.8805181027332832,0.0504846407392722,0.05048463926620375,1.4730684519403958e-09,0.11948189726671676,1.0635366908157136
corridor_y_p8p0pct,corridor,0.0,0.08,0.0,0.8888224360375135,0.0440977657378885,0.04409776445079509,1.2870934040787319e-09,0.11117756396248646,1.05886078110959
corridor_z_m3p0pct,corridor,0.0,0.0,-0.03,0.8652272823713582,0.0631927859967353,0.06319278415275813,1.843977179283307e-09,0.13477271762864185,1.0722553861947046
corridor_z_m5p0pct,corridor,0.0,0.0,-0.05,0.8647559078434861,0.0636034395566612,0.06360343769996238,1.8566988224666403e-09,0.1352440921565139,1.072526431790699
corridor_z_m8p0pct,corridor,0.0,0.0,-0.08,0.864038230344973,0.0642307895353209,0.06423078765855778,1.8767631199123613e-09,0.13596176965502704,1.0729393675739498
corridor_z_p3p0pct,corridor,0.0,0.0,0.03,0.8666085187995911,0.0619958601362584,0.061995858328304065,1.8079543348537008e-09,0.1333914812004089,1.0714619481572882
corridor_z_p5p0pct,corridor,0.0,0.0,0.05,0.8670582840044729,0.0616081722090375,0.061608170412555556,1.7964819423732514e-09,0.13294171599552707,1.071203838216766
corridor_z_p8p0pct,corridor,0.0,0.0,0.08,0.8677232630889018,0.0610368362687228,0.06103683448905665,1.7796661505586897e-09,0.1322767369110982,1.0708224497307672
