n_fixed,n_fit,fixed,max_pct,rms_pct,cost,z_h_Q,z_h_u0,z_h_u1,z_a_d0,z_a_d1,z_h_d0,z_h_d1,err_ct,err_ut,err_sb,err_db,err_Vus,err_Vcb,err_Vub
1,6,h_Q,0.9072918714308265,0.3839842924955068,0.00010386914471093063,1.9549696069007172,0.3788396865032152,-0.033141661418613265,0.3159019092442345,0.48292821686961224,0.105238423980163,-0.14942023742412344,-0.9072918714308265,0.4565123532644044,-0.017529854260400768,0.008407686756162214,-0.011749556554974117,0.0024651335728265167,0.001837276712235436
1,6,h_u0,0.37376787091418784,0.18732480231473062,2.45169232460464e-05,1.9218662299655236,0.36788041717478503,-0.03329751593345925,0.3163636113623601,0.4903559341013266,0.09824139553724424,-0.146860500516633,0.0708290235098552,-0.03537715814626585,0.37376787091418784,-0.18023889984206676,0.2507984434202193,-0.05288105278532518,-0.038484149155360026
1,6,h_u1,15.38343008088704,7.8159887190346415,0.04983384188445681,2.1734464360196837,0.3400927747632151,-0.029519572521720966,0.31069129744876584,0.4794310451712175,0.06613622855447635,-0.14316949433417364,-15.38343008088704,-13.55318081344885,2.156803147258435,-1.0434760039163882,1.2038493834391595,-0.2659234644289521,-0.16886611041058153
1,6,a_d0,1.9110145556054725,0.9945754037006036,0.0006921345358860769,1.8952228747281328,0.38872274350499875,-0.033477941424541274,0.3285733869112018,0.4833069285852914,0.11061974549288954,-0.14865225463068746,0.8948319173548214,-0.44788603324584786,-0.6380987554522877,-0.4066471920857406,-0.6911220659635009,1.1048879011426038,1.9110145556054725
1,6,a_d1,0.06907780565565957,0.03954033074393429,1.0939715120593182e-06,1.9228126645410435,0.3744656243980313,-0.033301648590251164,0.316969443381488,0.4879086120301992,0.10302122962810374,-0.1482045055145076,0.04938457976988442,-0.024626636020153025,0.06907780565565957,0.003826043310772853,0.05353223031350218,0.004283162265350526,-0.015110571257059835
1,6,h_d0,0.7279588888769339,0.3788270583859345,0.00010077891777344335,1.92821173464538,0.3922271065062934,-0.033298362213615984,0.3180131971845539,0.4807869880534884,0.1164961864166585,-0.15207904852309762,-0.09290829152002189,0.04619486169197273,-0.7279588888769339,0.40685889296085964,-0.5321174071341583,-0.11129161008671673,0.05301514076490044
1,6,h_d1,0.40284772565712945,0.2546956490401725,4.540281933780834e-05,1.919394794935793,0.3660165610534054,-0.03330844047600878,0.31692433808496046,0.49118223528398924,0.096345491855584,-0.1460540432730433,0.1433688301974767,-0.07148142066711882,0.3588930995538142,-0.3487702191130704,0.40284772565712945,0.12383401865079247,0.018942640189023585
2,5,h_Q+h_u0,0.920726857501597,0.46169989368887276,0.00014979247348896369,1.9549696069007172,0.36788041717478503,-0.033126138998905465,0.31481589234698804,0.486901562425756,0.09717664090668778,-0.14721981758911942,-0.920726857501597,0.4633156692036122,0.5031500413371193,-0.24293159793933317,0.3321591681560765,-0.06865401480364852,-0.05049133844688969
2,5,h_Q+h_u1,19.96277057059378,8.808917090742991,0.06578981472335328,1.9549696069007172,0.33008602682058874,-0.029519572521720966,0.310673394730572,0.5015667159261703,0.06962936201889873,-0.1396079333520877,-11.608443014776704,-19.96277057059378,2.459696509834064,-1.1739093304683146,1.5103810760894953,-0.39028752957993573,-0.22189797700583602
2,5,h_Q+a_d0,2.463759040713498,1.2510638892872972,0.0010968412030694392,1.9549696069007172,0.39803674285305674,-0.033169323751032515,0.3285733869112018,0.47352339516342734,0.11443681446972198,-0.15047533593116025,-0.8846932583245981,0.4403250164301653,-0.7685674171767576,-0.5400928443405006,-0.8553849738242914,1.515047683980919,2.463759040713498
2,5,h_Q+a_d1,0.9205105253818235,0.4789344225585622,0.0001610648180360008,1.9549696069007172,0.3679328905941107,-0.033126263393207775,0.3143775026605404,0.4879086120301992,0.09711370922475691,-0.14732177267124763,-0.9205105253818235,0.4635938640227488,0.5730860870807541,0.04372176237741332,0.442091452615756,0.04158153252780128,-0.12599697475762506
2,5,h_Q+h_d0,0.8889387513806413,0.511182056312631,0.0001837879991858984,1.9549696069007172,0.3933966632815699,-0.03316295330833608,0.3168078746251469,0.47779749185328113,0.1164961864166585,-0.15257473579568714,-0.8889387513806413,0.446981721504236,-0.6723704927043106,0.37391715672419057,-0.48485933258605174,-0.0987955553385822,0.04898618279081113
2,5,h_Q+h_d1,0.9241726913115089,0.524851156791166,0.00019351688973088448,1.9549696069007172,0.3649746073479892,-0.03312211685650603,0.3154305671437227,0.48776746294936074,0.09416238300004255,-0.1460540432730433,-0.9241726913115089,0.46519023752673583,0.5079801175013277,-0.49711782989300124,0.563773647396415,0.18431948078911908,0.02827903760420636
2,5,h_u0+h_u1,15.448354321768731,7.828498187387514,0.050172463914179226,2.1744935272827486,0.36788041717478503,-0.029519572521720966,0.3125238736371359,0.4702252036364156,0.08690055695764516,-0.14881770252821327,-15.448354321768731,-13.757096205130125,0.8238154080596249,-0.40286738996088145,0.48466862666292077,-0.08719891417373615,-0.06970331868818569
2,5,h_u0+a_d0,2.120278438427925,1.1235129230725072,0.0008827485562975862,1.8819581444850055,0.36788041717478503,-0.0335276032755938,0.3285733869112018,0.4921183332628032,0.09538329751201967,-0.14407568106253116,1.2781510557523745,-0.637055227971739,0.31170345706188485,-0.9921795535343558,-0.11309880354578583,1.0984116832716495,2.120278438427925
2,5,h_u0+a_d1,0.5281338612756814,0.2825533224875515,5.601516467565892e-05,1.9338011800605277,0.36788041717478503,-0.03323363702886496,0.31627794287455435,0.4879086120301992,0.0979877266355742,-0.14688868052735393,-0.28802715240009436,0.1438144939186481,0.3403856919608428,-0.5281338612756814,0.15648683596802826,-0.18451046528962234,0.043501434576298514
2,5,h_u0+h_d0,6.161686500075659,2.502134425634844,0.004376740630811843,1.8781377376074433,0.36788041717478503,-0.03355074576251882,0.30455601587741393,0.49351610004012514,0.1164961864166585,-0.15442910576185512,1.393551468677967,-0.6963532559161156,0.4063627746800247,1.5007077162518145,-0.4902809162380839,-6.161686500075659,-0.8796777696658764
2,5,h_u0+h_d1,0.4280001342588102,0.275539868962016,5.320887461030717e-05,1.918325408398044,0.36788041717478503,-0.033316920879898064,0.3177602862273468,0.4904541015933719,0.09719309057497387,-0.1460540432730433,0.17756490145377501,-0.08845667093925202,0.17744432081752137,-0.4189094858284781,0.4280001342588102,0.30706548480381457,0.08750250088116474
2,5,h_u1+a_d0,15.605391416577664,7.998560562229084,0.05201104724392694,2.183055200621723,0.3573383774797955,-0.029519572521720966,0.3285733869112018,0.46921511130813565,0.07045782766938638,-0.14251411631929473,-15.605391416577664,-13.470635143005582,1.54377453689456,-2.0283232061164447,0.10349870244243942,2.308714518607813,3.318785243711919
2,5,h_u1+a_d1,15.250700669539263,7.8465653053117785,0.050028999776395,2.168142246131114,0.3230699120615234,-0.029519572521720966,0.30845763478615257,0.4879086120301992,0.05350454260586802,-0.13976417832782378,-15.250700669539263,-13.547623199769976,3.1826146075765838,-0.9177289970336511,1.9267942081578004,-0.1798678524779218,-0.3768205694026694
2,5,h_u1+h_d0,15.438720980519827,7.931689183305547,0.051581338487539735,2.1709827018261523,0.40319297245255686,-0.029519572521720966,0.31204148689994354,0.45948787912716965,0.1164961864166585,-0.15717266738291671,-15.438720980519827,-14.153199846189246,-0.6643564442590288,0.5440226134935333,-0.5033686533474913,-0.850182221607021,-0.03408523608121605
2,5,h_u1+h_d1,15.416209120425517,7.8152022274185144,0.049906453501666496,2.174202610398472,0.35144073256387975,-0.029519572521720966,0.3106009629776314,0.47570991453285566,0.07547607080422652,-0.1460540432730433,-15.416209120425517,-13.626661538357588,1.7220553180188558,-0.6006592552171508,0.7817965630778856,-0.46484061254874476,-0.20674608140500705
2,5,a_d0+a_d1,1.8897091174947755,1.0201057878296522,0.0007268168192963306,1.883180159151225,0.38130390079630233,-0.03353931985961902,0.3285733869112018,0.4879086120301992,0.10540781991811603,-0.14705637468717583,1.2531537110763935,-0.624080804632543,-0.30140267377568586,-0.3897566663114582,-0.43683923967805516,1.148850187574868,1.8897091174947755
2,5,a_d0+h_d0,1.8662347971430293,1.0114944551604639,0.0007166483034007346,1.898212285078762,0.3963460030768249,-0.033471760610576384,0.3285733869112018,0.48035272729764905,0.1164961864166585,-0.15039417616215664,0.8120973166070522,-0.40704377859562824,-0.9699453046122741,-0.18938928908159847,-0.9229136290958895,1.0126186146877325,1.8662347971430293
2,5,a_d0+h_d1,1.9385172067468925,1.0325258327763314,0.0007457231221298694,1.8891845186829168,0.3781176582360104,-0.03349841553113836,0.3285733869112018,0.48764784102278286,0.10244482494641402,-0.1460540432730433,1.0677873746289368,-0.5329819510596079,-0.27576754981138984,-0.7804995282067462,-0.2690486433149397,1.234124848424023,1.9385172067468925
2,5,a_d1+h_d0,1.3472366128155278,0.695550667774883,0.0003357150279244186,1.8943436914860536,0.38969421232570256,-0.033485096705886286,0.3175210539395733,0.4879086120301992,0.1164961864166585,-0.1520565766757344,0.9239962037364213,-0.4583065843457579,-0.5448555733178262,1.3472366128155278,-0.334146592297313,-0.23461972806647635,-0.21001609865093362
2,5,a_d1+h_d1,0.7804694953212232,0.350850524354161,8.664912634284115e-05,1.929855450585795,0.3682080341124935,-0.03325496282493757,0.3178510536899217,0.4879086120301992,0.09705186310971702,-0.1460540432730433,-0.16915912982855552,0.084402518531701,0.10686173606671012,-0.7804694953212232,0.3480258287035465,0.22464641087114323,0.1838314054073642
2,5,h_d0+h_d1,3.9364597421589376,2.117200104325839,0.0031981981007460866,1.8504161825062633,0.3985483244454363,-0.033774464652946465,0.33318470601506234,0.4809752188564989,0.1164961864166585,-0.1460540432730433,2.2682784036291315,-1.1170296818719727,-3.9364597421589376,-1.9165965512706884,1.2874169123547663,1.3408643563961542,1.5363901116892897
3,4,h_Q+h_u0+h_u1,20.221382336170578,8.834143971903723,0.06657165054707616,1.9549696069007172,0.36788041717478503,-0.029519572521720966,0.314946226972592,0.48683361113055557,0.09723876974953129,-0.1472294579284026,-11.70301494406677,-20.221382336170578,0.5031763810699807,-0.24294374120541473,0.33222361886555696,-0.0685956333356108,-0.05049378096365631
3,4,h_Q+h_u0+a_d0,2.9284676249349495,1.4635823150272935,0.0015031293437204238,1.9549696069007172,0.36788041717478503,-0.033125327840522044,0.3285733869112018,0.4831999284743597,0.09132360272009311,-0.143916741719629,-0.9231517152246016,0.4583956765024988,0.6816437082211024,-1.4813396841209747,-0.05404887592328489,1.641440632029223,2.9284676249349495
3,4,h_Q+h_u0+a_d1,0.920575608414298,0.4789436369621952,0.0001610700189505577,1.9549696069007172,0.36788041717478503,-0.03312618959445111,0.3143802039060196,0.4879086120301992,0.09707733329029723,-0.14730961174220347,-0.920575608414298,0.46362255449994283,0.574268048942228,0.037117940714792574,0.44162048374196683,0.039054578463870726,-0.12485304377274353
3,4,h_Q+h_u0+h_d0,6.923269247996933,2.7455345279857566,0.005273661885887914,1.9549696069007172,0.36788041717478503,-0.0331251142401617,0.29862037155736204,0.48493354505792635,0.1164961864166585,-0.15630627032722658,-0.9237902471882498,0.45710012588469073,0.7765449080555653,1.4716836235615371,-0.2681973297508411,-6.923269247996933,-0.9648463062157275
3,4,h_Q+h_u0+h_d1,0.9206192388370282,0.5501133397735474,0.0002127474385640925,1.9549696069007172,0.36788041717478503,-0.03312617499929278,0.3166505004791903,0.48647772988311916,0.09540898246194711,-0.1460540432730433,-0.9206192388370282,0.4635340288195122,0.22940240832431957,-0.6154820710018494,0.6135636045930148,0.47944402680131226,0.1349025981987495
3,4,h_Q+h_u1+a_d0,20.105572253172266,8.943109052150179,0.06772613324240528,1.9549696069007172,0.3514368626549162,-0.029519572521720966,0.3285733869112018,0.4887225077992973,0.07890875068376539,-0.14036175947100463,-11.660637841957866,-20.105572253172266,1.5414677431518475,-2.028373356120028,0.359752503624744,1.67352832709593,3.19833486696921
3,4,h_Q+h_u1+a_d1,20.136214481694957,8.823321432888786,0.06628834180333909,1.9549696069007172,0.35585823977443415,-0.029519572521720966,0.3151594065216566,0.4879086120301992,0.08878614592222375,-0.14454519226312137,-11.671846232631877,-20.136214481694957,0.8639036894176888,-1.4517874287715227,0.32529862382091324,-0.5263222908020948,0.14501363423509162
3,4,h_Q+h_u1+h_d0,20.385060603916315,8.909053007706103,0.06779852476299354,1.9549696069007172,0.38999367019368497,-0.029519572521720966,0.3145423635753746,0.4786702028378397,0.1164961864166585,-0.15304433000197817,-11.762981438283472,-20.385060603916315,-0.4854845446263245,0.508295361769262,-0.4546786752479215,-0.9864112353451748,-0.0796936338106069
3,4,h_Q+h_u1+h_d1,20.129415013210362,8.820079630782388,0.06623055056916537,1.9549696069007172,0.3548816889022875,-0.029519572521720966,0.3113347259503681,0.49219042009016334,0.08989114640576984,-0.1460540432730433,-11.669358847664835,-20.129415013210362,1.4819078776907801,-0.09251541296760868,0.39040375180301456,-0.8483109951275214,-0.3356955023377406
3,4,h_Q+a_d0+a_d1,3.051208149097495,1.588580187365125,0.001765933144162429,1.9549696069007172,0.3647395577325739,-0.03312104032508474,0.3285733869112018,0.4879086120301992,0.08774758969557335,-0.14313939201307999,-0.9267001969029187,0.4607758535702722,1.1535358800051965,-0.6167167489686265,0.43892727132590625,2.319592323254116,3.051208149097495
3,4,h_Q+a_d0+h_d0,2.442716745738638,1.252595359250119,0.0010996984192676487,1.9549696069007172,0.4006349659169771,-0.033173261407777495,0.3285733869112018,0.472689783368454,0.1164961864166585,-0.1510621553246152,-0.8812855553177013,0.43861031808853923,-0.8838528723365657,-0.46308100267323793,-0.9318052723584436,1.477550884564649,2.442716745738638
3,4,h_Q+a_d0+h_d1,2.5861385615108867,1.3388155089916656,0.0012572550875883759,1.9549696069007172,0.3798823087902636,-0.03314252506068567,0.3285733869112018,0.47930147585537236,0.09985293822424883,-0.1460540432730433,-0.9078965345913792,0.4519943825579187,-0.1174988378979891,-1.2321284234563579,-0.14315853737199014,1.8104861986430132,2.5861385615108867
3,4,h_Q+a_d1+h_d0,3.299212700657095,1.3632880533443985,0.0012667444682324172,1.9549696069007172,0.3895077528255271,-0.0331574287371162,0.30935996318474507,0.4879086120301992,0.1164961864166585,-0.1545347595519608,-0.8931849681078075,0.4510300620126584,0.23989831838040487,3.299212700657095,0.45446599462179993,-0.43739297421284684,-0.8175971557869199
3,4,h_Q+a_d1+h_d1,0.9243534818345722,0.5250479635167724,0.00019362943240029494,1.9549696069007172,0.3648170653449253,-0.03312190146215379,0.31534262903414634,0.4879086120301992,0.09407777910138705,-0.1460540432730433,-0.9243534818345722,0.46530212464162,0.5268340030884833,-0.4725319832202368,0.5705521488847953,0.1791533323109329,0.018052931191681054
3,4,h_Q+h_d0+h_d1,4.7723667907967116,2.617684025321978,0.0049429318420730044,1.9549696069007172,0.4064612728249311,-0.033182429362796084,0.33077919035263004,0.46530256452186447,0.1164961864166585,-0.1460540432730433,-0.8728336883886301,0.43620745240506853,-4.7723667907967116,-3.1469865753667503,2.3890127230356883,2.129262156829337,2.023270518514897
3,4,h_u0+h_u1+a_d0,15.612441756118889,7.99740922508429,0.05206929081682776,2.182588657079655,0.36788041717478503,-0.029519572521720966,0.3285733869112018,0.466110034397865,0.07854315390589818,-0.14472505402386351,-15.612441756118889,-13.570485664049237,1.0314565171021028,-1.735352751758601,-0.10782738718186913,2.30236528094927,3.2273204203823624
3,4,h_u0+h_u1+a_d1,14.752768543332673,8.111564480897956,0.05330265893348501,2.1392499254670585,0.36788041717478503,-0.029519572521720966,0.30594187873411705,0.4879086120301992,0.08722010614756262,-0.14989443166687527,-14.752768543332673,-14.6119064153448,1.9469186487869106,4.014506702568976,2.386508593576009,1.5464288306386909,-1.1986399897418676
3,4,h_u0+h_u1+h_d0,15.032408771041695,8.665800196025327,0.059969602682580204,2.1228845893461785,0.36788041717478503,-0.029519572521720966,0.28966043216659915,0.47078544288680774,0.1164961864166585,-0.16097234823009232,-14.440642095474454,-15.032408771041695,1.2398397406096606,1.7411195194119378,-0.09811813476817699,-9.23101688728989,-1.1735390780345467
3,4,h_u0+h_u1+h_d1,15.415942283029505,7.859610819209149,0.050513745838040004,2.1728852690220752,0.36788041717478503,-0.029519572521720966,0.31681791757923505,0.469528330283702,0.08265578145076198,-0.1460540432730433,-15.415942283029505,-13.794601331172206,0.22198736841381184,-1.2488629583909283,1.102946516659653,1.2447999578105717,0.3116379504785938
3,4,h_u0+a_d0+a_d1,2.3480839938565756,1.1711446229575735,0.0009636606494809741,1.9022616562429027,0.36788041717478503,-0.03340675202801463,0.3285733869112018,0.4879086120301992,0.09475791023243421,-0.1440422363443279,0.6607923105364177,-0.333868536332127,0.2949563088231022,-1.5570938136268198,-0.25723456003112766,0.9806808799661226,2.3480839938565756
3,4,h_u0+a_d0+h_d0,6.320334410953487,3.36195501978951,0.007830778001259782,1.7751046324041035,0.36788041717478503,-0.03428523246252468,0.3285733869112018,0.5005405465554377,0.1164961864166585,-0.15110170080981009,4.582309533293771,-2.2331315830210308,0.06568846187642308,0.5575983261188577,-1.6225918633884895,-6.320334410953487,3.2000142610436377
3,4,h_u0+a_d0+h_d1,2.615316518875299,1.2975336125013484,0.0011748183015135168,1.877511031939397,0.36788041717478503,-0.03355462166870259,0.3285733869112018,0.49251384597298953,0.09830533385008193,-0.1460540432730433,1.4126613707089453,-0.7057508805583423,1.1044644106664059,-0.40343061849084094,-1.0205989835313956,0.165400114393921,2.615316518875299
3,4,h_u0+a_d1+h_d0,6.594104472550377,2.5496478028765064,0.0045499251925526195,1.9019028781695508,0.36788041717478503,-0.033408425008473804,0.3040823823257605,0.4879086120301992,0.1164961864166585,-0.1545616891888452,0.6704594009110387,-0.3416275329005902,0.3223139073697423,0.6512874883644271,-0.6790129456261673,-6.594104472550377,-0.6836433491700489
3,4,h_u0+a_d1+h_d1,0.7866992015392982,0.3514854609728689,8.697366172035986e-05,1.9306537971149351,0.36788041717478503,-0.033250264006708205,0.31770481265530454,0.4879086120301992,0.09688725136549486,-0.1460540432730433,-0.19350302956352428,0.09657177211623846,0.13646800471540654,-0.7866992015392982,0.3386823756711399,0.18626773191283696,0.1763635612916259
3,4,h_u0+h_d0+h_d1,7.269410681757272,4.068180923207853,0.011597197288073716,1.7646878461684492,0.36788041717478503,-0.03437179167712914,0.32343699665358844,0.4963637376694095,0.1164961864166585,-0.1460540432730433,4.9121578423583445,-2.383319142421736,-4.648338401390529,-1.883812314083666,2.5715398473953544,-7.269410681757272,1.1950814990893788
3,4,h_u1+a_d0+a_d1,15.373883395084786,8.138180262646692,0.05324432376649207,2.1745825894668163,0.31778054959343216,-0.029519572521720966,0.3285733869112018,0.4879086120301992,0.03890027171439904,-0.13368440993285488,-15.373883395084786,-13.355469696111532,4.109317289723302,-1.8981209920085784,1.5912823673930765,3.332144515872826,3.84190915126168
3,4,h_u1+a_d0+h_d0,15.563353307842142,8.097689125365235,0.05354964787542541,2.176152872288772,0.4150095658978169,-0.029519572521720966,0.3285733869112018,0.4525402788676964,0.1164961864166585,-0.1550436945170486,-15.563353307842142,-14.145210481826155,-0.9907469206974606,-0.5466550041567708,-1.2521689195920893,1.6943581314906364,3.3141893129604583
3,4,h_u1+a_d0+h_d1,15.639088210858409,8.000567449838696,0.05213645594713763,2.1835619800002553,0.3721384687156768,-0.029519572521720966,0.3285733869112018,0.4647574924213914,0.08232404165925897,-0.1460540432730433,-15.639088210858409,-13.58503256170942,1.0061939368990025,-1.4914687960304263,-0.40474839157879083,2.115616346717597,3.3245763145165697
3,4,h_u1+a_d1+h_d0,15.718304146875372,8.583603096929783,0.05895903519613508,2.1039815960723276,0.38964098061304114,-0.029519572521720966,0.29504183641240767,0.4879086120301992,0.1164961864166585,-0.1604906728632071,-14.133116063809315,-15.718304146875372,1.6440064825806733,7.472155907034117,1.9591714220429601,-1.6008756550989545,-2.000153297810703
3,4,h_u1+a_d1+h_d1,15.112115202957078,7.906855198895723,0.050787359888473736,2.1600063781589256,0.3394304238151324,-0.029519572521720966,0.30360432771428203,0.4879086120301992,0.06983042338086942,-0.1460540432730433,-15.112115202957078,-13.868712795800208,3.2355245246568964,1.5621311006421612,1.480709746552411,-0.8762519392487067,-1.0208340190595244
3,4,h_u1+h_d0+h_d1,15.937655885473113,8.879281625848357,0.06364846709549299,2.105442526137753,0.41880443424132824,-0.029519572521720966,0.3316471752920736,0.4469321377779795,0.1164961864166585,-0.1460540432730433,-14.222391065745388,-15.937655885473113,-6.487553963214932,-4.8753173225948405,3.865456261881306,2.696103235343905,2.7456169429436628
3,4,a_d0+a_d1+h_d0,1.927055538897715,1.170274215600582,0.0009527360817642185,1.8614337900335454,0.39371865959608016,-0.0336945282900482,0.3285733869112018,0.4879086120301992,0.1164961864166585,-0.1503185240394458,1.927055538897715,-0.9523618356120922,-0.8363152930623285,0.7207884110779883,-0.7589581853665317,0.8314967537489837,1.574767436920732
3,4,a_d0+a_d1+h_d1,1.9337265340751975,1.0328204988385632,0.0007459850515947782,1.888067724265101,0.3780026119286679,-0.03350496290077685,0.3285733869112018,0.4879086120301992,0.10242335961800361,-0.1460540432730433,1.1016163559149472,-0.5495817614900145,-0.2605136199999025,-0.7479270255338455,-0.26945872755618216,1.2297398405330062,1.9337265340751975
3,4,a_d0+h_d0+h_d1,4.357001403046478,2.165748809039684,0.0033706132909283254,1.8587346201295862,0.3970944825779587,-0.03371752689030294,0.3285733869112018,0.48071898709493605,0.1164961864166585,-0.1460540432730433,2.013385345418528,-0.9916869097284176,-4.357001403046478,-2.0012425435590786,1.9064264912897144,0.8968068870773838,0.6074161236125031
3,4,a_d1+h_d0+h_d1,3.8279978090826727,2.1965145853668875,0.003407598610928948,1.8189132359953826,0.3965278659374074,-0.03399142715861259,0.33370738296843483,0.4879086120301992,0.1164961864166585,-0.1460540432730433,3.2368130330263645,-1.5814121967656858,-3.8279978090826727,-1.0332048750481437,1.3878042151862946,1.1914228133329985,1.3146644892418458
4,3,h_Q+h_u0+h_u1+a_d0,20.221382336170578,8.940647939151209,0.06789982989165826,1.9549696069007172,0.36788041717478503,-0.029519572521720966,0.3285733869112018,0.4831666788580108,0.09144046634108047,-0.14395709321922975,-11.70301494406677,-20.221382336170578,0.6797447841446091,-1.4698531622793776,-0.05016697878621468,1.625189762147139,2.9008889770752555
4,3,h_Q+h_u0+h_u1+a_d1,20.221382336170578,8.835189823714327,0.06658450527183746,1.9549696069007172,0.36788041717478503,-0.029519572521720966,0.31448113295746205,0.4879086120301992,0.09713281193470254,-0.147325397311153,-11.70301494406677,-20.221382336170578,0.5791141280958589,0.056093352928776596,0.44905738368214987,0.04638680555546504,-0.12987791822509642
4,3,h_Q+h_u0+h_u1+h_d0,20.221382336170578,9.236957048189542,0.07166368409372341,1.9549696069007172,0.36788041717478503,-0.029519572521720966,0.29880373239721475,0.4848726536162557,0.1164961864166585,-0.15628572383096836,-11.70301494406677,-20.221382336170578,0.7759597014412867,1.4658665674494475,-0.26596816782937793,-6.902008836716078,-0.9619890351845628
4,3,h_Q+h_u0+h_u1+h_d1,20.221382336170578,8.839290970738771,0.06663566499142747,1.9549696069007172,0.36788041717478503,-0.029519572521720966,0.3167958740068475,0.48640600579267684,0.09545649671959171,-0.1460540432730433,-11.70301494406677,-20.221382336170578,0.22705766290456175,-0.6186112968569746,0.6159705599486642,0.4840595253680302,0.13646690932394012
4,3,h_Q+h_u0+a_d0+a_d1,3.015745568853312,1.5972899057937502,0.0017853807120687911,1.9549696069007172,0.36788041717478503,-0.03312545591890765,0.3285733869112018,0.4879086120301992,0.08981032210709289,-0.1438096551838651,-0.922768840757382,0.4591725123408219,1.0840111232350402,-0.22498116555567105,0.47452617899546023,2.5002820844316043,3.015745568853312
4,3,h_Q+h_u0+a_d0+h_d0,8.60164539411139,4.707040303912198,0.015507168967066455,1.9549696069007172,0.36788041717478503,-0.03312113494577007,0.3285733869112018,0.4701563347368377,0.1164961864166585,-0.15405577015218566,-0.9356858573030369,0.4329660462797147,1.6136155204913294,-1.06033304039177,-2.038156323992246,-8.60164539411139,8.494715148032018
4,3,h_Q+h_u0+a_d0+h_d1,3.556153432138176,1.6272915609901926,0.0018511381467435483,1.9549696069007172,0.36788041717478503,-0.03312490544106969,0.3285733869112018,0.48295156784250676,0.09422564706405918,-0.1460540432730433,-0.924414426268616,0.45583370429922443,1.5800435668231305,-0.8725227229502308,-1.0520033064444378,0.6807691304831609,3.556153432138176
4,3,h_Q+h_u0+a_d1+h_d0,6.6912955170962185,2.7741303231110925,0.005373804503011738,1.9549696069007172,0.36788041717478503,-0.03312524789666122,0.2970585853476313,0.4879086120301992,0.1164961864166585,-0.15676581490450694,-0.9233906975888106,0.4579107942244587,1.0009404705423997,2.3657552943375793,0.026297904480787615,-6.6912955170962185,-1.198104109091691
4,3,h_Q+h_u0+a_d1+h_d1,0.9203993327248527,0.580129136328108,0.00023625894574501636,1.9549696069007172,0.36788041717478503,-0.03312624856183321,0.316218630190935,0.4879086120301992,0.09506403318091146,-0.1460540432730433,-0.9203993327248527,0.4639802191130693,0.30417978786223543,-0.24788624521805414,0.8054408097979637,0.6990104307043499,0.045964269550480275
4,3,h_Q+h_u0+h_d0+h_d1,9.735363298455201,5.404918862524722,0.020877335617029785,1.9549696069007172,0.36788041717478503,-0.03312319550056821,0.3093158524994467,0.464865487986011,0.1164961864166585,-0.1460540432730433,-0.9295260824133345,0.4454627715940518,-6.505599795297867,-5.04492036164822,5.987166581611025,-9.735363298455201,2.2432269554695017
4,3,h_Q+h_u1+a_d0+a_d1,20.116617895759724,8.941691111043717,0.06772882722208988,1.9549696069007172,0.35303674379466277,-0.029519572521720966,0.3285733869112018,0.4879086120301992,0.08021190735521566,-0.14071971759722435,-11.66467779808661,-20.116617895759724,1.4319813477598142,-2.0403189129078014,0.2923910128511009,1.620783714191365,3.1635346656496477
4,3,h_Q+h_u1+a_d0+h_d0,20.450850437854307,9.003947343509648,0.06910959895913743,1.9549696069007172,0.3985538530408496,-0.029519572521720966,0.3285733869112018,0.47255016123661303,0.1164961864166585,-0.15124089924149955,-11.787109101647776,-20.450850437854307,-0.7349088281291105,-0.49662126252105754,-0.9919753289130528,0.8707163452043032,2.7920179218979158
4,3,h_Q+h_u1+a_d0+h_d1,20.263758386092146,8.950103379831392,0.0680923167090878,1.9549696069007172,0.3737247353255556,-0.029519572521720966,0.3285733869112018,0.48116579383279284,0.09702430732824774,-0.1460540432730433,-11.718531900699825,-20.263758386092146,0.7325642314112812,-1.043408080279118,-0.5837827500667303,1.235587367495028,3.0485620401956792
4,3,h_Q+h_u1+a_d1+h_d0,20.358422444328617,8.987213634795985,0.06869789326935004,1.9549696069007172,0.3864766768414501,-0.029519572521720966,0.30774944478370214,0.4879086120301992,0.1164961864166585,-0.15483532586397372,-11.753216181561942,-20.358422444328617,0.3478683974547092,3.1767645893163943,0.3995130122650403,-1.2848054603537329,-0.8737425216624684
4,3,h_Q+h_u1+a_d1+h_d1,20.162332545655126,8.823818529646491,0.06633834718633275,1.9549696069007172,0.35958579834647536,-0.029519572521720966,0.313996410149325,0.4879086120301992,0.09240900935392368,-0.1460540432730433,-11.681402138486519,-20.162332545655126,0.9145742322782313,-0.8363119600349633,0.178486707644554,-0.6891123852285186,-0.03173958383811959
4,3,h_Q+h_u1+h_d0+h_d1,20.492112671088037,9.309480803682124,0.0732600444122758,1.9549696069007172,0.4038351027710234,-0.029519572521720966,0.32940214889918,0.46526726070696517,0.1164961864166585,-0.1460540432730433,-11.802248705464702,-20.492112671088037,-4.884294434124703,-3.2721783563879114,2.6286009906711483,1.354659147380688,2.033997472883664
4,3,h_Q+a_d0+a_d1+h_d0,4.928821949795004,2.660507368590035,0.00484020156087719,1.9549696069007172,0.40209793512527775,-0.03317522531351295,0.3285733869112018,0.4879086120301992,0.1164961864166585,-0.15330114416575846,-0.8801471229747393,0.4360382959123221,0.8700643834354871,4.928821949795004,0.5411723435903903,2.9231862018015864,3.833422091903782
4,3,h_Q+a_d0+a_d1+h_d1,3.2704059878264635,1.690438530457791,0.0019977017591189796,1.9549696069007172,0.3734773796144225,-0.03313321173865764,0.3285733869112018,0.4879086120301992,0.09488098397257363,-0.1460540432730433,-0.9162983101741462,0.4550288478710307,1.408659824692604,0.810429058989981,0.06023851424299398,2.3698357255310887,3.2704059878264635
4,3,h_Q+a_d0+h_d0+h_d1,4.957107130042049,2.626193086236186,0.0049882132672494734,1.9549696069007172,0.40534230747922595,-0.03318084120014556,0.3285733869112018,0.4658238751688871,0.1164961864166585,-0.1460540432730433,-0.8739202368306387,0.43777860738900554,-4.957107130042049,-3.150290660312982,2.668003263215213,1.8443061889872103,1.518517408362885
4,3,h_Q+a_d1+h_d0+h_d1,9.162200927934826,4.563330142868697,0.014738257325310502,1.9549696069007172,0.4068932147034015,-0.03318363626278908,0.319559574828093,0.4879086120301992,0.1164961864166585,-0.1460540432730433,-0.8706439950886935,0.4391874146491448,-5.862621790049705,3.7763091822075046,9.162200927934826,3.3414708122170733,1.0367106986953312
4,3,h_u0+h_u1+a_d0+a_d1,14.768430260373567,8.459488259967483,0.05738401988760135,2.133089698344764,0.36788041717478503,-0.029519572521720966,0.3285733869112018,0.4879086120301992,0.07497974112331018,-0.14377324616177622,-14.63444449295036,-14.768430260373567,2.6576245796857467,3.3289317979251276,2.2705845844933847,5.748513596422877,3.5101816371160055
4,3,h_u0+h_u1+a_d0+h_d0,17.032486275393744,9.936797359864515,0.07756419789153768,2.051851942058013,0.36788041717478503,-0.029519572521720966,0.3285733869112018,0.45849656807676675,0.1164961864166585,-0.15630389957294255,-13.173110535577559,-17.032486275393744,2.209822955534224,-1.4457778265255516,-2.462810823703576,-10.08176614812818,10.623658769730815
4,3,h_u0+h_u1+a_d0+h_d1,15.67427956652977,8.008876855872227,0.05220288390547719,2.1856196176356835,0.36788041717478503,-0.029519572521720966,0.3285733869112018,0.46575405418913474,0.0801346799161546,-0.1460540432730433,-15.67427956652977,-13.501545807921357,1.5650304884778254,-1.345111660838294,-0.739444680257384,1.740667893318415,3.631064768710468
4,3,h_u0+h_u1+a_d1+h_d0,15.912218629214891,8.894786363422963,0.06289526003955546,2.0903813504664517,0.36788041717478503,-0.029519572521720966,0.2836139826638305,0.4879086120301992,0.1164961864166585,-0.1623275504612678,-13.84244544777492,-15.912218629214891,2.321218272507264,6.224189660339774,1.4654225251038655,-7.5885259160551115,-2.268654562899264
4,3,h_u0+h_u1+a_d1+h_d1,14.723280768880464,8.162749815615285,0.05394781938791371,2.1348580683392493,0.36788041717478503,-0.029519572521720966,0.3116527344673036,0.4879086120301992,0.08131440908339235,-0.1460540432730433,-14.668308787135997,-14.723280768880464,1.188414913792779,3.012710967490695,3.35418303650985,3.4933496917412654,-0.7323382415743263
4,3,h_u0+h_u1+h_d0+h_d1,18.330450369521422,10.353250102729856,0.08527721681572546,2.0104403687378416,0.36788041717478503,-0.029519572521720966,0.3068061021501666,0.4571713274207686,0.1164961864166585,-0.1460540432730433,-12.505548740008432,-18.330450369521422,-7.23869315453658,-5.996762311097703,6.969498389020101,-10.69401498043635,2.576558323001499
4,3,h_u0+a_d0+a_d1+h_d0,7.074097207477603,3.5081997664061895,0.008589806385687864,1.8195072849616845,0.36788041717478503,-0.03394255317861287,0.3285733869112018,0.4879086120301992,0.1164961864166585,-0.15107284789370817,3.19226397343062,-1.5811501172228293,0.02058243375366864,-1.29056581540129,-2.0119603340419623,-7.074097207477603,4.20771372490667
4,3,h_u0+a_d0+a_d1+h_d1,2.8891633169269015,1.3467465132655467,0.0012689082494807432,1.899887965528983,0.36788041717478503,-0.03342010787179633,0.3285733869112018,0.4879086120301992,0.09764704312395797,-0.1460540432730433,0.7315388492461272,-0.37179161493468005,1.1153596262242882,-1.0004867456951394,-1.1954927005990101,0.035168322022305354,2.8891633169269015
4,3,h_u0+a_d0+h_d0+h_d1,7.270593817996773,4.112467846860167,0.011790383864139057,1.7486191463478589,0.36788041717478503,-0.03450865736656693,0.3285733869112018,0.49822597547003367,0.1164961864166585,-0.1460540432730433,5.41941075458201,-2.6209918037574442,-4.243484450059986,-1.743802050900345,1.9209424731030822,-7.270593817996773,2.1325035184211583
4,3,h_u0+a_d1+h_d0+h_d1,7.698237535525198,4.117315137578545,0.011959610430676618,1.7968553812087538,0.36788041717478503,-0.03411301647363421,0.3217975895957099,0.4879086120301992,0.1164961864166585,-0.1460540432730433,3.9008384965419696,-1.9110887471188054,-4.743360827422782,-3.1323657857055487,2.4588381301421602,-7.698237535525198,1.47555174808216
4,3,h_u1+a_d0+a_d1+h_d0,17.50179128332603,9.303814149760894,0.06900940318162595,2.0473246831565786,0.4085121172980052,-0.029519572521720966,0.3285733869112018,0.4879086120301992,0.1164961864166585,-0.15637952869886818,-13.192709635659195,-17.50179128332603,2.196867438774741,8.494441297576728,1.4848577650763417,3.9895611623935068,5.519353053085441
4,3,h_u1+a_d0+a_d1+h_d1,14.839785387733773,8.474973694029723,0.05734078595623199,2.1446014439382663,0.35841387536292313,-0.029519572521720966,0.3285733869112018,0.4879086120301992,0.0733136607623179,-0.1460540432730433,-14.839785387733773,-14.39953887388602,4.707861534862423,3.9159024625386785,0.29622193625533644,3.6545598334464025,4.926306560457516
4,3,h_u1+a_d0+h_d0+h_d1,15.990983117001411,8.883191308777743,0.06373961594942114,2.1027835004804265,0.4168168547203212,-0.029519572521720966,0.3285733869112018,0.4478349131397598,0.1164961864166585,-0.1460540432730433,-14.169868817573239,-15.990983117001411,-6.698602559444511,-4.881309092039798,4.240435389724007,2.2366079614465795,2.049080104314016
4,3,h_u1+a_d1+h_d0+h_d1,20.292717087351363,10.052595161071762,0.08306573850327993,1.960850565308705,0.4048375898528197,-0.029519572521720966,0.31775740245421025,0.4879086120301992,0.1164961864166585,-0.1460540432730433,-11.883991826284579,-20.292717087351363,-6.062771180091742,3.843364384496706,9.726528039145688,2.672550095479309,1.0404527423390597
4,3,a_d0+a_d1+h_d0+h_d1,4.280031636417148,2.252145711727447,0.0036105331727609826,1.8270021142262165,0.3949031496039482,-0.03393100929304572,0.3285733869112018,0.4879086120301992,0.1164961864166585,-0.1460540432730433,2.9866959315028474,-1.4598710141882298,-4.280031636417148,-1.0576082540407539,2.095707235088917,0.7287282341259971,0.3054611276094743
5,2,h_Q+h_u0+h_u1+a_d0+a_d1,20.221382336170578,8.963824087842207,0.06818613636432369,1.9549696069007172,0.36788041717478503,-0.029519572521720966,0.3285733869112018,0.4879086120301992,0.08991668170269496,-0.14384980127515024,-11.70301494406677,-20.221382336170578,1.0850629627876307,-0.20404833447628112,0.4819981835515019,2.4900940780777647,2.989020818793109
5,2,h_Q+h_u0+h_u1+a_d0+h_d0,20.221382336170578,9.988186834297974,0.08177408407610108,1.9549696069007172,0.36788041717478503,-0.029519572521720966,0.3285733869112018,0.4701858345472708,0.1164961864166585,-0.15404890786907754,-11.70301494406677,-20.221382336170578,1.6077042745126224,-1.051116482589609,-2.025174441706823,-8.57025758172869,8.440501517118726
5,2,h_Q+h_u0+h_u1+a_d0+h_d1,20.221382336170578,8.967849152448073,0.0682348341038731,1.9549696069007172,0.36788041717478503,-0.029519572521720966,0.3285733869112018,0.48292416521256454,0.09428790393780205,-0.1460540432730433,-11.70301494406677,-20.221382336170578,1.561184762897505,-0.8724356995716498,-1.029114105376694,0.6826222883114852,3.516799061167486
5,2,h_Q+h_u0+h_u1+a_d1+h_d0,20.221382336170578,9.245838700206633,0.0717679939728116,1.9549696069007172,0.36788041717478503,-0.029519572521720966,0.2972102139638773,0.4879086120301992,0.1164961864166585,-0.15675468635479042,-11.70301494406677,-20.221382336170578,1.0049953120138788,2.3783834402952175,0.034581057490701284,-6.665278036701294,-1.200008334437297
5,2,h_Q+h_u0+h_u1+a_d1+h_d1,20.221382336170578,8.841406152682984,0.06666160125149587,1.9549696069007172,0.36788041717478503,-0.029519572521720966,0.31634254677976975,0.4879086120301992,0.09509412508619496,-0.1460540432730433,-11.70301494406677,-20.221382336170578,0.3055988335856741,-0.23250007655649663,0.81747447751781,0.7147092199733196,0.04308372159329554
5,2,h_Q+h_u0+h_u1+h_d0+h_d1,20.221382336170578,10.339967984304337,0.08720782221111414,1.9549696069007172,0.36788041717478503,-0.029519572521720966,0.30947446216934593,0.46484794996514756,0.1164961864166585,-0.1460540432730433,-11.70301494406677,-20.221382336170578,-6.492696454513114,-5.037997885375622,5.977741404224135,-9.708442479031598,2.239626183203791
5,2,h_Q+h_u0+a_d0+a_d1+h_d0,10.513085773804566,5.455812865262136,0.020648333013958943,1.9549696069007172,0.36788041717478503,-0.03312056295001781,0.3285733869112018,0.4879086120301992,0.1164961864166585,-0.15685708128717207,-0.9373957683180278,0.42949717848150826,3.8271677373656443,5.2023560126069235,-0.3836994338357713,-7.410408948080871,10.513085773804566
5,2,h_Q+h_u0+a_d0+a_d1+h_d1,3.6874567125196434,1.7627768128003023,0.002167341603901964,1.9549696069007172,0.36788041717478503,-0.033125016847933786,0.3285733869112018,0.4879086120301992,0.09278207284991485,-0.1460540432730433,-0.924081389143061,0.45650941600803296,2.045611471564146,0.500260230251981,-0.541374393109828,1.5375752179234592,3.6874567125196434
5,2,h_Q+h_u0+a_d0+h_d0+h_d1,10.451133191036865,6.0193140935956775,0.02567682171301951,1.9549696069007172,0.36788041717478503,-0.0331206621707334,0.3285733869112018,0.45840239719209697,0.1164961864166585,-0.1460540432730433,-0.9370991601747147,0.430098899303033,-4.883087325670676,-5.664288024632547,3.8772363320140446,-10.451133191036865,8.507291460572608
5,2,h_Q+h_u0+a_d1+h_d0+h_d1,12.946009127734225,6.6195946031788395,0.031147517800422388,1.9549696069007172,0.36788041717478503,-0.03312368673600196,0.2972869528811423,0.4879086120301992,0.1164961864166585,-0.1460540432730433,-0.9280575946821523,0.44844210050432043,-7.641479525364248,1.8586913085103962,12.946009127734225,-8.641540096687084,1.2443984336085068
5,2,h_Q+h_u1+a_d0+a_d1+h_d0,20.46216654965658,9.308700885571373,0.072919899211855,1.9549696069007172,0.40000877755269754,-0.029519572521720966,0.3285733869112018,0.4879086120301992,0.1164961864166585,-0.1535005773981144,-11.791260567057293,-20.46216654965658,1.0357392137607446,4.942575396479065,0.4958378008694586,2.3238322077262064,4.204930564218334
5,2,h_Q+h_u1+a_d0+a_d1+h_d1,20.228080258144633,8.992269405374257,0.06854978717740369,1.9549696069007172,0.3688100303894167,-0.029519572521720966,0.3285733869112018,0.4879086120301992,0.09318471569418875,-0.1460540432730433,-11.705467157499172,-20.228080258144633,1.9234037712396956,0.5590548315387966,-0.4162056513285384,1.6826124025120848,3.580046800449055
5,2,h_Q+h_u1+a_d0+h_d0+h_d1,20.488534828074567,9.310076050221099,0.07326666450397387,1.9549696069007172,0.4033797500771506,-0.029519572521720966,0.3285733869112018,0.4654559326203983,0.1164961864166585,-0.1460540432730433,-11.800935733204987,-20.488534828074567,-4.953608594936842,-3.275861451921147,2.734462153132866,1.236077891300158,1.850889154312707
5,2,h_Q+h_u1+a_d1+h_d0+h_d1,20.49588323567857,10.033891178981214,0.08309592615784658,1.9549696069007172,0.4043144593997,-0.029519572521720966,0.3181774809100325,0.4879086120301992,0.1164961864166585,-0.1460540432730433,-11.803632445515,-20.49588323567857,-5.973834685170109,3.6564555276419997,9.408500434830191,2.58257808103326,1.048751149642424
5,2,h_Q+a_d0+a_d1+h_d0+h_d1,8.585213152146643,4.7103690239533,0.015582870009194423,1.9549696069007172,0.41213460014719444,-0.033191250024302704,0.3285733869112018,0.4879086120301992,0.1164961864166585,-0.1460540432730433,-0.8651866826967836,0.4324188734011303,-5.134607533881386,4.560776874589645,8.585213152146643,4.801535886403485,3.232953502874203
5,2,h_u0+h_u1+a_d0+a_d1+h_d0,19.940115702975092,10.387396773792922,0.08685044742551831,1.9629079218881296,0.36788041717478503,-0.029519572521720966,0.3285733869112018,0.4879086120301992,0.1164961864166585,-0.1571886417996239,-11.811075775446822,-19.940115702975092,4.009785844611691,5.54612661961853,-0.30047362854914716,-7.425906439043128,10.775160466957301
5,2,h_u0+h_u1+a_d0+a_d1+h_d1,14.721138039296555,8.49859607699012,0.05777654516460658,2.1349421634720214,0.36788041717478503,-0.029519572521720966,0.3285733869112018,0.4879086120301992,0.07780245204946319,-0.1460540432730433,-14.66992126372223,-14.721138039296555,3.6199363884966473,4.176390967118371,1.2482642488016449,4.84838176459359,4.24891769347433
5,2,h_u0+h_u1+a_d0+h_d0+h_d1,19.14661713722531,10.716816526041931,0.09131791817843718,1.9858680535825528,0.36788041717478503,-0.029519572521720966,0.3285733869112018,0.4535952697974395,0.1164961864166585,-0.1460540432730433,-12.136569525032236,-19.14661713722531,-5.165519540985031,-6.226617559829117,4.24507865016257,-11.007504168233773,9.242436281093136
5,2,h_u0+h_u1+a_d1+h_d0+h_d1,21.30296966627948,10.858204321767403,0.09653540212634656,1.9253263931731677,0.36788041717478503,-0.029519572521720966,0.30131262078849413,0.4879086120301992,0.1164961864166585,-0.1460540432730433,-11.320547048949914,-21.30296966627948,-7.070071173874581,1.0478566903411979,11.01278714854017,-8.331156555383235,1.248737436903391
5,2,h_u0+a_d0+a_d1+h_d0+h_d1,7.796270988428111,4.19261308116526,0.012347911472490663,1.7834463736868158,0.36788041717478503,-0.0342176432930515,0.3285733869112018,0.4879086120301992,0.1164961864166585,-0.1460540432730433,4.319212071681089,-2.112071694698636,-4.159859267873822,-3.279717594933629,1.5044816993137866,-7.796270988428111,2.9704053991323587
5,2,h_u1+a_d0+a_d1+h_d0+h_d1,20.639110265076464,10.106175685300745,0.08422304112811489,1.952184386197502,0.4099288281116831,-0.029519572521720966,0.3285733869112018,0.4879086120301992,0.1164961864166585,-0.1460540432730433,-11.783131098503441,-20.639110265076464,-5.1086280681089775,4.453144548701604,8.611917701302986,4.170651569962147,3.5553367962401383
