name,design_phase,x,y,z,max_abs_percent_error,rms_percent_error,h_Q,h_u0,h_u1,a_d0,a_d1,h_d0,h_d1,model_ct,model_ut,model_sb,model_db,model_Vus,model_Vcb,model_Vub,error_ct_pct,error_ut_pct,error_sb_pct,error_db_pct,error_Vus_pct,error_Vcb_pct,error_Vub_pct
baseline_zero_bias,baseline,0.0,0.0,0.0,0.6006550267003474,0.3682034509064266,1.9188623238633342,0.3759750592829882,-0.033394698648989,0.31621163318178863,0.48790861203019914,0.10431310972135634,-0.1480128221095432,0.0036986754475778496,7.334246098115815e-06,0.018629356154078562,0.0009401552809978088,0.2256472692248889,0.04216972942426622,0.003929555530442833,0.377279162814359,0.3301015015420239,-0.5102668897121188,-0.03367630139404776,0.6006550267003474,-0.07173122211795446,-0.26508805982656813
axis_x_m2p0pct,phase1_axis,-0.02,0.0,0.0,2.730980353727941,1.8924023203521831,1.9453385718472314,0.3797536714482623,-0.033317036203903146,0.31621163318178863,0.4854902298144357,0.10002788109217484,-0.1491200603117204,0.003658366475490017,7.2147273201356436e-06,0.018899115926518908,0.0009265064355809388,0.21848095855491384,0.04319797522603721,0.0038323993740631192,-0.7166543280725413,-1.3048765133314322,0.9303802020074858,-1.4849524114499912,-2.5943118346349325,2.364870203879632,-2.730980353727941
axis_x_m1p0pct,phase1_axis,-0.01,0.0,0.0,1.5023920331237228,0.8923978883949496,1.9320316610691224,0.37785964211025874,-0.03335376336464549,0.3162116331817884,0.48669942092231805,0.10215453834288184,-0.1485649990317654,0.003678190348131494,7.273224077766486e-06,0.018765655520405038,0.000933165759396981,0.2220136516160603,0.04268866754701634,0.0038808057538949254,-0.17866000377335656,-0.504659892277326,0.2176373634874107,-0.7768692536318844,-1.0193260739811416,1.1579799692330361,-1.5023920331237228
axis_x_p1p0pct,phase1_axis,0.01,0.0,0.0,2.267438038046965,1.322826276839778,1.9058291374856036,0.3740998758517818,-0.033435734537069925,0.3162116331817884,0.4891178031380803,0.1065037700413115,-0.1474635321392148,0.003719373610064614,7.3960282309317245e-06,0.018490166084025036,0.0009474921702242614,0.22938586351933932,0.0416409763053337,0.003978629923309863,0.9390005853987082,1.175260986713167,-1.2536088928760791,0.7464521073662134,2.267438038046965,-1.324700698261383,0.9804549063416879
axis_x_p2p0pct,phase1_axis,0.02,0.0,0.0,3.9829317628880423,2.404872558447705,1.8929306938372503,0.37223404493695617,-0.03347589077477598,0.31621163318178863,0.49032699424596143,0.1087266887669975,-0.14691713146441335,0.0037401779802302363,7.458147499120899e-06,0.018348033456677067,0.0009551946024087128,0.23323371594415787,0.04110220827117886,0.004028011269149084,1.5036043473450889,2.025032374153035,-2.012665569025218,1.5654485482522684,3.9829317628880423,-2.601402200997971,2.2337885570833382
axis_y_m2p0pct,phase1_axis,0.0,-0.02,0.0,12.793738407031551,7.9875600681873955,1.9052588370723356,0.3685302543056137,-0.032920235997223914,0.3225995319041097,0.502620437176091,0.11326985546390933,-0.14583302209658844,0.0035423798952241496,6.691622614891935e-06,0.017334945161718386,0.0009700371758424862,0.2529963552469718,0.03824424219371942,0.004200030882177314,-3.8643804563846085,-8.460778765714071,-7.423044932057,3.143653266547486,12.793738407031551,-9.373833664171993,6.599768583180565
axis_y_m1p0pct,phase1_axis,0.0,-0.01,0.0,6.534736686093057,4.0367506072813315,1.9119548173203593,0.37223404493695617,-0.03315450250155878,0.3193896129292232,0.49516375867748846,0.10872664205826083,-0.1469171395266193,0.0036194925743474674,7.005598377779159e-06,0.017981604875929532,0.0009537137442284877,0.23895741438690674,0.04019852648256813,0.004068510763801402,-1.7716418452088933,-4.165692435355995,-3.9695706494282446,1.4079895080403082,6.534736686093057,-4.742828240359886,3.2616945127259545
axis_y_p1p0pct,phase1_axis,0.0,0.01,0.0,5.093505632415685,3.872277195640235,1.9259822724767321,0.37975367144826216,-0.033636494875126315,0.3130652748611827,0.4806534653829099,0.100027924860244,-0.14912005209182505,0.003778546998474627,7.673743859270105e-06,0.019273429526763405,0.0009282888342996939,0.2128752668664916,0.0441442613021244,0.003780874243971164,2.5448899940872183,4.97432046835673,2.929395083674402,-1.2954306900063384,-5.093505632415685,4.607254270436956,-4.03872477230548
axis_y_p2p0pct,phase1_axis,0.0,0.02,0.0,10.570496457316935,7.8196019054411146,1.9333156014775146,0.3835702592971435,-0.03387980919225758,0.30995022332895145,0.4733983187356212,0.095869668306229,-0.15023880771198006,0.0038599954971956793,8.026575495876462e-06,0.019918311556385866,0.0009182317284716113,0.20059037644623812,0.04613233567852574,0.00362339209558078,4.755297154539528,9.800942515136057,6.373375674528736,-2.3647986093294215,-10.570496457316935,9.318330991767155,-8.035733614701012
axis_z_m2p0pct,phase1_axis,0.0,0.0,-0.02,1.7931760166311816,0.8720781508308579,1.9228315227458377,0.3759750592829882,-0.03333625037678478,0.31621163318178863,0.4907300579485891,0.10498281068421184,-0.14817211661854615,0.003681001685655018,7.283731740582844e-06,0.018561431494769246,0.0009486653891414374,0.22832209380530374,0.041967956561251435,0.003954947104197807,-0.1023639309172042,-0.36091848207566724,-0.8730172805683001,0.871199991480931,1.7931760166311816,-0.5498659685984952,0.3793681268478899
axis_z_m1p0pct,phase1_axis,0.0,0.0,-0.01,1.1947151139000134,0.5615916090162523,1.9208407175356814,0.3759750592829882,-0.033365448916064334,0.31621163318178863,0.4893193349893941,0.1046467522341355,-0.1480922837167042,0.003689406248415652,7.307883119164156e-06,0.018593235833340865,0.0009442754844294675,0.22697974600047774,0.04206413562068389,0.003941742880711084,0.12572505780927834,-0.030535477190174465,-0.7031667967367983,0.40442323203213615,1.1947151139000134,-0.32195350548841484,0.04423555104273724
axis_z_p1p0pct,phase1_axis,0.0,0.0,0.01,0.6896897662286738,0.47121419462627717,1.916896224783456,0.3759750592829882,-0.03342399971031327,0.31621163318178863,0.4864978890710036,0.10398185855734716,-0.14793372932931925,0.0037079040638615755,7.360532414861599e-06,0.018665114719293083,0.0009360422736854688,0.22432214357444663,0.04227430641804746,0.003917377558661337,0.6277319008626936,0.6896897662286738,-0.31929893139002186,-0.47101067441776,0.009872302472868633,0.1760815593541798,-0.5741736380371232
axis_z_p2p0pct,phase1_axis,0.0,0.0,0.02,1.0482333777915853,0.7559088747325163,1.91494230488516,0.3759750592829882,-0.033453352235264924,0.31621163318178863,0.48508716611180863,0.1036529744824535,-0.14785500293245835,0.0037170921980490858,7.386742366259577e-06,0.01870051322470343,0.0009319365169053029,0.223004278938435,0.04237787016295714,0.003905209671839986,0.8770860070547171,1.0482333777915853,-0.13025386581443366,-0.907574101342512,-0.5776732329759282,0.4214932771496205,-0.8830032527922249
pair_xm1p5_ym1p5,phase2_interaction,-0.015,-0.015,0.0,7.4869083117739095,5.005934311068307,1.92806813648908,0.3731657942506545,-0.03297663108377604,0.32099056002630694,0.4969775453393105,0.10761111674245268,-0.1471899827085143,0.0035512387206404427,6.762813667925716e-06,0.017874087588411164,0.0009490795719761258,0.23985122421724953,0.04002203800602417,0.004064838061431847,-3.623963365328886,-7.4869083117739095,-4.5437647413482,0.9152398816562046,6.933225241751906,-5.161047379089645,3.1684787165443318
pair_xm1p5_yp1p5,phase2_interaction,-0.015,0.015,0.0,10.052211031853586,6.799532657162192,1.9497507128820457,0.3845303846019522,-0.03369500815733978,0.31150385528876384,0.47521210539744263,0.09484973148375651,-0.150520300718134,0.0037869255103709395,7.748733079035605e-06,0.01978520649325275,0.0009141931878415868,0.2017528906555524,0.04587911306378226,0.0036272199831387823,2.772271995970055,6.000148608010636,5.6625305386466485,-2.7942149707016917,-10.052211031853586,8.718277402327645,-7.938579108152732
pair_xp1p5_ym1p5,phase2_interaction,0.015,-0.015,0.0,12.44687046180275,7.306779810283363,1.8893941721285235,0.36761007936777973,-0.033097803227657284,0.32099056002630705,0.5008066505142683,0.11442610628741884,-0.1455637954425204,0.00361046599979523,6.932248407326347e-06,0.017434356698522273,0.0009749873301702727,0.2522183304458236,0.038392294950637014,0.00420613926919927,-2.0166114313636463,-5.169096177501542,-6.892139452398915,3.670001136831602,12.44687046180275,-9.022997747305661,6.754803786783503
pair_xp1p5_yp1p5,phase2_interaction,0.015,0.015,0.0,8.742790247052113,5.134669417508536,1.9098050383145448,0.37880547301154077,-0.03382065287853934,0.31150385528876384,0.47883967872108785,0.10108729732849901,-0.14884215708111426,0.003851429741084975,7.949223345053733e-06,0.019398765893853132,0.000932488174778038,0.21180155020168626,0.04436968448718453,0.0037799275101062877,4.522833586283537,8.742790247052113,3.5987516415520115,-0.8489165470093707,-5.572202317571884,5.141432434086557,-4.062753550601839
pair_xm1p5_zm1p5,phase2_interaction,-0.015,0.0,-0.015,1.6299165583150477,1.0983910513547253,1.9416627951869676,0.37880547301154077,-0.03329260544833946,0.3162116331817884,0.4883116757328262,0.10157719288936501,-0.1489615904246566,0.0036549388106138503,7.206216519598458e-06,0.01878149114937606,0.0009362119069563672,0.22224561610005517,0.04279343678954614,0.0038757812876023872,-0.8096767300183161,-1.4213014969401305,0.3022072480787008,-0.4529736386095107,-0.9159090057712094,1.406248316460057,-1.6299165583150477
pair_xm1p5_zp1p5,phase2_interaction,-0.015,0.0,0.015,2.701596066802192,1.8025016380508163,1.9357007044671748,0.37880547301154077,-0.03337714265846111,0.3162116331817884,0.4838779750039275,0.10060255355220517,-0.14872357550797666,0.0036813478967354972,7.2808769674128515e-06,0.018883160971169544,0.0009233975617446054,0.21824032002216268,0.04309325551543124,0.0038373713435872745,-0.09296820891697699,-0.39997085065964777,0.845173057092441,-1.8155176856578747,-2.701596066802192,2.1167192308797267,-2.604788233825517
pair_xp1p5_zm1p5,phase2_interaction,0.015,0.0,-0.015,4.008520494286283,2.2228383851144686,1.9023131671376665,0.3731657942506545,-0.03341129627309304,0.31621163318178847,0.4917377172051564,0.10812406562259033,-0.1473092196194427,0.003716175806652207,7.387978686937877e-06,0.01836681813827081,0.0009575096211125543,0.23329111146868411,0.041216826503600104,0.004021617058466342,0.8522163269839123,1.0651458426152116,-1.9123463232677995,1.8116035332787161,4.008520494286283,-2.3297950151656366,2.0714989458462396
pair_xp1p5_zp1p5,phase2_interaction,0.015,0.0,0.015,2.182819180085782,1.5857818656432108,1.8964406444340138,0.3731657942506545,-0.03349944165270799,0.31621163318178847,0.48750554832757087,0.1071037858200775,-0.1470715538060346,0.003743119121169432,7.46538754087769e-06,0.018471393021406365,0.0009444705966391175,0.22919606342093243,0.04152345410903533,0.003983792043769401,1.5834231174143065,2.1240737909008267,-1.3538660877112974,0.42516943290091813,2.182819180085782,-1.6031893150821541,1.1114731921167742
pair_ym1p5_zm1p5,phase2_interaction,0.0,-0.015,-0.015,10.579648410896736,6.523325854609956,1.9115529595767653,0.37037751989264106,-0.03299276170300802,0.32099056002630705,0.5010081823655822,0.11150644782128634,-0.1464928080775514,0.003567401554648557,6.810200593244794e-06,0.017604919932037603,0.0009682631073145101,0.24803015138564136,0.039065368269305095,0.004153454126341889,-3.1853249056183475,-6.83867058379114,-5.981249648128751,2.9550172908574535,10.579648410896736,-7.42803727652821,5.4176174198449
pair_ym1p5_zp1p5,phase2_interaction,0.0,-0.015,0.015,8.68483305392127,5.510628951158942,1.9056356615140346,0.37037751989264106,-0.03308162125216561,0.32099056002630705,0.49677601348799666,0.1104630449780455,-0.1462552953415945,0.0035937580181282483,6.88312978765813e-06,0.017709447650702138,0.0009548857151147342,0.24378008053994543,0.03936935272292864,0.004116962666500573,-2.4700444951195055,-5.8410229210278946,-5.423021293560248,1.5326046895404621,8.68483305392127,-6.70769496936342,4.491438236055156
pair_yp1p5_zm1p5,phase2_interaction,0.0,0.015,-0.015,6.99115946820108,5.348211126813173,1.932595470588162,0.38165719464783077,-0.03371389477735962,0.31150385528876384,0.4792427424237149,0.09841168488327534,-0.149797508870231,0.003805168053306758,7.807476612125187e-06,0.019543981534166633,0.0009292892463564622,0.20861882931282497,0.04498298166705181,0.0037229707635803477,3.2673510724830823,6.803741037088118,4.374273091608494,-1.189057288164952,-6.99115946820108,6.594743286852611,-5.508356254305891
pair_yp1p5_zp1p5,phase2_interaction,0.0,0.015,0.015,8.667107905795401,6.322016879831899,1.9266765410083726,0.38165719464783077,-0.03380264629408965,0.31150385528876384,0.4750105735461294,0.0974595461347595,-0.14955929738485094,0.00383270517965196,7.888906583085846e-06,0.01964558136599625,0.0009173461191686435,0.20485967696730092,0.04528842236417714,0.003684457441042595,4.0146731497159305,7.917676558538567,4.916865120510439,-2.458965081656228,-8.667107905795401,7.318536408002707,-6.485851750187943
validation_01,phase2_validation,-0.0166906968976708,-0.0177588310503958,-0.0167414382814477,9.422399375426082,6.516562420121495,1.931726977881629,0.3724524307178727,-0.03285590255509038,0.32187734142777186,0.5014112460682099,0.10904025166699602,-0.1471142165199035,0.0035123694931749752,6.628782137117652e-06,0.017664463553924287,0.0009599134062424706,0.2454344417990807,0.03941286298292535,0.004115095369068754,-4.6788240448997875,-9.320416065738534,-5.66325803312443,2.0671970158192554,9.422399375426082,-6.604590087854623,4.444044900222188
validation_02,phase2_validation,-0.0122683900042898,0.010103876561482,0.0044575806308353,7.2134315285541035,4.858357789236656,1.9415266436705145,0.3821300061944487,-0.0336008915808058,0.31303275640589245,0.478638146869774,0.09727845508743017,-0.14978123090596376,0.0037579319306576845,7.610796576015712e-06,0.019456723685411584,0.0009193807748509046,0.20812027308145314,0.04483574928541801,0.0037136067293059736,1.9854236536229086,4.113222104097858,3.908274158923053,-2.2426209812090647,-7.2134315285541035,6.2458513872464705,-5.7460220988331585
validation_03,phase2_validation,-0.0022073971764227,0.017230356477012,-0.0037629185249522,9.204284975771081,6.73161147339625,1.9349568432086581,0.3829317843462588,-0.0337916517061975,0.31080986485821943,0.4756151691000697,0.09667199797874683,-0.1500815471846235,0.0038289889274020486,7.902121346301398e-06,0.01975479240990242,0.0009208430575638346,0.20365478879934545,0.04565080788857459,0.0036611064943145246,3.9138188588175415,8.098450221843345,5.5001046871952175,-2.0871370627817853,-9.204284975771081,8.177269878138826,-7.0785153727278
validation_04,phase2_validation,0.010999625234478,0.0019447359453563,-0.0136949715867342,2.101334912409647,1.303918813964805,1.9085692421543885,0.3746408122011068,-0.033446498702500514,0.31559728262083214,0.48972239869202117,0.10632990541815267,-0.14773084995240984,0.003724118228933372,7.431070250318673e-06,0.018552258721398183,0.0009512282504020922,0.22901329420853483,0.04182660102591847,0.003972173998170949,1.06776341940793,1.6546244161479429,-0.922004307657176,1.1437079734659017,2.101334912409647,-0.8848316921363342,0.816598938348978
validation_05,phase2_validation,0.0195131290489759,0.0096082345211527,0.0162620183224917,7.135064499351551,3.52249456151745,1.8969689129290819,0.3759192950370484,-0.03375571937138606,0.31318794705629566,0.4810565290855369,0.10383996010173784,-0.14786804530482325,0.0038319103233340804,7.831696739225152e-06,0.019041347634651175,0.00093524787086196,0.21820302394376104,0.04321877776341184,0.003865033373483131,3.993101774869734,7.135064499351551,1.6899660172586373,-0.5554791993593988,-2.7182238324738983,2.414165316141803,-1.9027062567733233
validation_06,phase2_validation,0.0074415802694216,-0.0109447115094505,0.0086197077368819,7.907280402238026,4.728997269471252,1.9000262629193903,0.3705014312870082,-0.03318694568561186,0.31969148654184304,0.4955668223801149,0.11053150989643701,-0.1463417947330509,0.0036344910077489322,7.039294627622553e-06,0.017842082468482665,0.0009574501914909544,0.2420360299422199,0.03969657504335329,0.0041060056063886,-1.3646037155104263,-3.7047386956283956,-4.71468749431474,1.8052844060981066,7.907280402238026,-5.932286627124905,4.213340263670062
validation_07,phase2_validation,-0.0096297463073575,-0.0069259474504271,-0.0097270843377641,3.898926853207896,2.540093192074103,1.9285740984093374,0.37518218520162677,-0.03316261032297671,0.3184093000139791,0.4931484401643526,0.10556067951818016,-0.14785782955016996,0.0036157934805197906,7.0250992494089086e-06,0.0182816293634954,0.0009461712871704239,0.23245603977149157,0.04121176062179818,0.003992580074284329,-1.8720304786677522,-3.898926853207896,-2.367295404508185,0.6060031564357082,3.6362192472098043,-2.3417994744118986,1.3345196518865121
validation_08,phase2_validation,0.0042447431931197,-0.0008398559478993,0.010928888105964,1.1464652361827365,0.7268181523038499,1.9105867457020878,0.37486298353024955,-0.03342399971031327,0.3164773169551431,0.4875055483275715,0.10524188832460034,-0.1476006537148803,0.003710565430635972,7.360320048767651e-06,0.01855402513603986,0.0009397476033963922,0.2268715215247579,0.04189193143497461,0.003948828382707184,0.6999579610981632,0.686784667125595,-0.9125708028269952,-0.07702449279560764,1.1464652361827365,-0.7300202962686964,0.22407062708589276
corridor_x_m3p0pct,corridor,-0.03,0.0,0.0,4.177986786317279,2.921610176498608,1.95878449374451,0.38165719464783077,-0.03327632823133767,0.3162116331817885,0.4840795068552401,0.09793295791539633,-0.1496780031036475,0.003637411487053761,7.1529605933701894e-06,0.01902488193897685,0.0009193109506015491,0.21492877563829035,0.04368376638598581,0.0037822547675703017,-1.2853456755377635,-2.149825248742432,1.6020312730535835,-2.250045364876496,-4.177986786317279,3.5160340900137754,-4.003686102276605
corridor_x_m5p0pct,corridor,-0.05,0.0,0.0,7.11849838724441,4.884953360571643,1.986099196052782,0.3854929132229163,-0.033195061440900675,0.3162116331817884,0.4816611246394778,0.09383756803552934,-0.15080252057634164,0.0035961352111512066,7.031657455541241e-06,0.01926831866484599,0.0009070195279351207,0.2083332081174108,0.044633830367662206,0.003685472408107167,-2.405530543822254,-3.8092127260675457,2.902100619822745,-3.5569872731158303,-7.11849838724441,5.767370539483907,-6.460091164792714
corridor_x_m8p0pct,corridor,-0.08,0.0,0.0,11.195387420087965,7.684594734345388,2.0281506405400958,0.39131889252935603,-0.03306544718826638,0.3162116331817885,0.47823508316714636,0.08792769857254201,-0.15251082240623084,0.0035340442944631267,6.849630929322672e-06,0.019609072546320792,0.0008909192022152401,0.1991887460167427,0.045983931522185044,0.003543718429408355,-4.090597905424886,-6.299276409119292,4.721890442070609,-5.26892827381773,-11.195387420087965,8.966662374846068,-10.057907883036666
corridor_x_p3p0pct,corridor,0.03,0.0,0.0,5.692368366158362,3.4919107834925933,1.8801655993101198,0.37037751989264095,-0.03351614358355574,0.31621163318178847,0.4913346535025306,0.11098202990565817,-0.14637362217937294,0.003760272736329077,7.51867056806078e-06,0.018198466946812493,0.0009623664875003352,0.23706798224529319,0.040540037600662326,0.004075439051852484,2.048950099150071,2.8529682749517837,-2.8114227577113016,2.328032135335256,5.692368366158362,-3.9335601880039706,3.437539387118882
corridor_x_p5p0pct,corridor,0.05,0.0,0.0,9.438388745335313,5.814695223107827,1.8550299547225497,0.3666922019941384,-0.03359595263893206,0.3162116331817885,0.4939545675696061,0.11559060753372317,-0.14529528491567564,0.0038009739570824892,7.641505661029486e-06,0.01788983884978882,0.0009798781209836686,0.2454703059557871,0.039394185213877046,0.004174566904435879,3.1535287126934985,4.5333124003919645,-4.459645420333969,4.190036909087458,9.438388745335313,-6.648850204082835,5.953474731875108
corridor_x_p8p0pct,corridor,0.08,0.0,0.0,15.408225713674595,9.454218978317689,1.818292582405085,0.3612328663437636,-0.03371389477735962,0.31621163318178847,0.4975821408932513,0.1227504169077305,-0.14369950259460615,0.003861416880610515,7.82535867555758e-06,0.01739502953573537,0.0010080101714545575,0.2588606502757721,0.03757202214027057,0.004320612483752227,4.793871666375038,7.048361849538076,-7.102165440269537,7.181306245673724,15.408225713674595,-10.966772179453631,9.660215323660593
corridor_y_m3p0pct,corridor,0.0,-0.03,0.0,19.354327104217205,11.980610671589819,1.898773489611976,0.36486331700681146,-0.03267963310361147,0.3258417111010203,0.5100771156746935,0.11794399454275566,-0.144760483601515,0.0034651538485436545,6.3849401614440705e-06,0.01668528627034411,0.000988422335951406,0.2677117556947592,0.03629447016613713,0.004321948368033073,-5.960195716781403,-12.656094994749656,-10.89253626503588,5.098539766518417,19.354327104217205,-13.994146525741403,9.694121016067836
corridor_y_m5p0pct,corridor,0.0,-0.05,0.0,33.71953365609011,20.17998685855846,1.8864312290607699,0.3576385392683787,-0.032203689920232974,0.33242415030187183,0.5255950682258399,0.12768956365651485,-0.14265017894112464,0.0033139856769320835,5.805149829900686e-06,0.015382376270552637,0.0010346235948771887,0.2999329139906101,0.03242847421325298,0.0045420328123567605,-10.062704838614135,-20.587438180561847,-17.85070309988913,10.01110059387036,33.71953365609011,-23.155274376177783,15.280020618191891
corridor_y_m8p0pct,corridor,0.0,-0.08,0.0,59.00136955535642,33.30911667183748,1.8694765018361208,0.3470687230578108,-0.031495038271957966,0.34254797287420913,0.54977889038347,0.14331550499204684,-0.13957168496506386,0.0030956968521847735,5.015347843885551e-06,0.013430114630673258,0.001130620077252467,0.35664007191266445,0.026717324994409694,0.004812050531304769,-15.986781879256451,-31.391672503074574,-28.276720397890553,20.218367015721107,59.00136955535642,-36.68880333078272,22.133262215857098
corridor_y_p3p0pct,corridor,0.0,0.03,0.0,15.754840475563592,11.759259588557981,1.9408632720049899,0.3874252044915975,-0.03412361224861225,0.30686616707734593,0.466546235790959,0.09183683883948933,-0.1513690631671887,0.0039419427490898495,8.38996905913783e-06,0.02055924485016494,0.0009107677897399005,0.18896189281331086,0.048129541487710835,0.00345833823355839,6.979239832557749,14.772048283783047,9.79626811440606,-3.1584361396412963,-15.754840475563592,14.051046179409553,-12.224917929990099
corridor_y_p5p0pct,corridor,0.0,0.05,0.0,25.668711693961,19.763805397925623,1.956605598122311,0.3952517127824677,-0.03461350963882183,0.3007898098519435,0.4526405380503213,0.084141067898787,-0.1536639499905759,0.004109204235022064,9.15415675662687e-06,0.02183759939584982,0.0008995046733853803,0.16672507967044548,0.05214807690438588,0.0030992679417321135,11.518500739485905,25.22588746910872,16.623296999280758,-4.356038661382222,-25.668711693961,23.57364195352103,-21.33837711339813
corridor_y_p8p0pct,corridor,0.0,0.08,0.0,42.138082771637954,32.05646085146898,1.9818520242558237,0.407288919489587,-0.035355611242963575,0.2919001275077236,0.43268888477027545,0.07349627622981417,-0.15719164856076506,0.004366228236054923,1.0390457732623005e-05,0.023735501887804402,0.0008938406157538363,0.13615435848247356,0.05823121500918596,0.0024936552355092814,18.493800483645373,42.138082771637954,26.759010269895978,-4.958295575837413,-39.29810143447456,37.98866115920843,-36.709257981997936
corridor_z_m3p0pct,corridor,0.0,0.0,-0.03,2.3938986036444065,1.215873154311448,1.9248348579999575,0.3759750592829882,-0.03330889062739138,0.31621163318178863,0.49214078090778346,0.10532130999455885,-0.14825232330730825,0.0036718468059327492,7.257988701402784e-06,0.018524578910960883,0.0009528010428052862,0.22966951456797438,0.0418602970821336,0.00396715558907297,-0.3508155538315516,-0.713074886338827,-1.0698278250226734,1.3109423417306143,2.3938986036444065,-0.8049832176928895,0.6892281490601615
corridor_z_m5p0pct,corridor,0.0,0.0,-0.05,3.605588494803791,1.9356187921288568,1.9288796006308415,0.3759750592829882,-0.03325192732616408,0.31621163318178863,0.494962226826174,0.10600573259443534,-0.1484138681390117,0.0036531491660905194,7.2052182518822275e-06,0.018449771475588874,0.0009610934214738142,0.2323873349938449,0.041641901652838785,0.003991591725291011,-0.8582453731627693,-1.4349574746582494,-1.469335554558282,2.192667549219407,3.605588494803791,-1.322507931661654,1.3094346520561295
corridor_z_m8p0pct,corridor,0.0,0.0,-0.08,5.504186771051778,3.075363511513461,1.935043745342094,0.3759750592829882,-0.03316261032297671,0.31621163318178863,0.49939592755507395,0.1070513158922015,-0.14865905254001585,0.003625226333123566,7.125897678435709e-06,0.018339441672042135,0.000974490374113509,0.23664589092746913,0.041320027431784055,0.004030509306150527,-1.61603503042399,-2.5200371240981845,-2.058549836479262,3.617160004054387,5.504186771051778,-2.0852430526444254,2.297190511434688
corridor_z_p3p0pct,corridor,0.0,0.0,0.03,1.370639636446347,1.0822580276182394,1.9130004502661897,0.3759750592829882,-0.033481775389311616,0.31621163318178863,0.48367644315261366,0.10332643356043067,-0.14777664049923614,0.003725219634194797,7.410128965683262e-06,0.018730856113835036,0.00092758151521905,0.22169097341309227,0.04246992355931236,0.0038920598254977108,1.0976541370349313,1.3681544525093958,0.03179177422436563,-1.370639636446347,-1.1631861733873095,0.6396292874700338,-1.2167556980276384
corridor_z_p5p0pct,corridor,0.0,0.0,0.05,2.322478256697047,1.7729092343859258,1.9091524886491218,0.3759750592829882,-0.03353975115262761,0.31621163318178863,0.4808549972342237,0.1026802870150625,-0.1476209979621749,0.003743281633249561,7.461718277399227e-06,0.018799861820353626,0.0009194091284082353,0.21909068127022852,0.0426719955926067,0.003867786306573808,1.5878334855759846,2.0738794597718657,0.4003154777726614,-2.23960615913934,-2.322478256697047,1.1184729682623074,-1.8328348585327947
corridor_z_p8p0pct,corridor,0.0,0.0,0.08,3.987200536919444,2.792154167925448,1.9034682722424352,0.3759750592829882,-0.033626597505082734,0.31621163318178863,0.47682436020795205,0.10172806044787133,-0.1473902047275695,0.0037690995275411433,7.5359670634395355e-06,0.01889599723009991,0.0009075610403522624,0.2153567091956897,0.04296033387162403,0.003831629435802857,2.2884978232375452,3.0895787068565994,0.9137248612747229,-3.499408480896149,-3.987200536919444,1.801739032284444,-2.750521933937644
