name,design_phase,x,y,z,success,nfev,max_pct,fit_h_Q,fit_h_u0,fit_h_u1,fit_a_d0,fit_a_d1,fit_h_d0,fit_h_d1,pred_h_Q,pred_h_u0,pred_h_u1,pred_a_d0,pred_a_d1,pred_h_d0,pred_h_d1,err_ct,err_ut,err_sb,err_db,err_Vus,err_Vcb,err_Vub
baseline_zero_bias,baseline,0.0,0.0,0.0,True,4,2.4505841800248618e-09,1.9245016514550197,0.37589251257467554,-0.0332947527568884,0.31708379619690746,0.48708791011140606,0.10402624924007776,-0.1484985634499804,1.9549696069007172,0.3678802406362721,-0.029519192292735863,0.3285733869112018,0.4879086120301992,0.11649649987309763,-0.14605412651957647,-7.326361739501408e-11,-2.4505841800248618e-09,8.79296635503124e-12,-8.97393270804514e-11,-7.995826223350377e-11,4.818367926873179e-12,-1.7289503162487563e-10
axis_x_m2p0pct,phase1_axis,-0.02,0.0,0.0,True,5,8.594902567438112e-10,1.9435749712391202,0.3777395291146316,-0.03354734160295325,0.31740333792230924,0.4880037521601949,0.10409677651670365,-0.14932939665251194,1.9561550536554557,0.3661293780487699,-0.0299932495784431,0.31857338689941267,0.4854902298144357,0.1165032199001525,-0.14574228643080778,3.8191672047105385e-11,8.594902567438112e-10,-1.5787371410169726e-11,-5.518918655411653e-11,6.141753772226366e-11,-9.336975637097567e-12,1.1015632850330803e-10
axis_x_m1p0pct,phase1_axis,-0.01,0.0,0.0,True,5,1.8179902028236938e-09,1.933974556736551,0.376802831815953,-0.03342129436527597,0.31725259438055575,0.4875603455249408,0.10404939646008829,-0.14891008471511114,1.9555586858879375,0.36703542301470476,-0.029772226671674007,0.323573386905337,0.486699420922318,0.11655818966399527,-0.14590438894653315,-4.6074255521944e-12,-1.8179902028236938e-09,1.9761969838327786e-12,9.481304630298837e-12,5.551115123125783e-13,7.993605777301127e-13,1.1657341758564144e-11
axis_x_p1p0pct,phase1_axis,0.01,0.0,0.0,True,6,1.0113021531310551e-10,1.9151547105189943,0.37500857378254837,-0.03316772206152293,0.3168968875657991,0.4865864829834648,0.10402734890041059,-0.1480947905667178,1.9543877244278904,0.36866413283322125,-0.02923412656388233,0.333573386917009,0.4891178031380803,0.11643593163867694,-0.1462068614202653,-1.3911094498553211e-11,5.426770144367765e-11,-9.658940314238862e-13,-2.723377079405509e-11,-3.4794389591752406e-11,2.3314683517128287e-12,-1.0113021531310551e-10
axis_x_p2p0pct,phase1_axis,0.02,0.0,0.0,True,5,8.70248317852429e-10,1.905932195546239,0.3741510238370397,-0.03304020822467107,0.31669182114734057,0.4860561182774514,0.10405271255946534,-0.14769872363760858,1.9538129401500246,0.36946855484556146,-0.029002354987711393,0.3385733869227578,0.49032699424596143,0.11637647387532037,-0.14636260016396216,-1.7608137170554983e-11,-8.70248317852429e-10,-3.68594044175552e-12,2.8177460364986473e-11,-2.8754776337791554e-12,-4.163336342344337e-12,-9.137135492665038e-12
axis_y_m2p0pct,phase1_axis,0.0,-0.02,0.0,True,6,1.4533929615367924e-09,1.9179863027554274,0.37169353270250416,-0.03430481243439486,0.32511278287884254,0.500752663102182,0.09495699824780637,-0.14798678451239214,1.9921201012344443,0.3863353931078492,-0.029682244396868646,0.348573386911202,0.502620437176091,0.1210807559897041,-0.15262851694770832,1.652011860642233e-11,-1.4533929615367924e-09,-8.537615059367454e-12,8.881784197001252e-11,-5.937472735695337e-11,1.5543122344752192e-13,-1.4565015860057429e-10
axis_y_m1p0pct,phase1_axis,0.0,-0.01,0.0,True,6,2.5818236437658015e-09,1.9209993976791067,0.37367336921183447,-0.03379532440494282,0.321106232323274,0.4939029499313751,0.0994028003617511,-0.14822493236408257,1.9734436123529002,0.3770163495341975,-0.029582007629980006,0.33857338691120153,0.4951637586774884,0.11880290695183857,-0.14929036524656192,9.14823772291129e-12,2.5818236437658015e-09,5.839773109528323e-12,-8.657519146026971e-11,1.4432899320127035e-11,5.573319583618286e-12,7.684963776455334e-11
axis_y_p1p0pct,phase1_axis,0.0,0.01,0.0,True,6,1.129618620865358e-09,1.9282528504350989,0.37825046434152443,-0.03281003680709364,0.31313946788821884,0.48046671270870683,0.10870890085360067,-0.14878182705821272,1.9366963535525994,0.35895654295819396,-0.029406585827013804,0.31857338691120207,0.4806534653829099,0.11433446518555902,-0.14286524718232999,3.6415315207705135e-12,-1.129618620865358e-09,2.7977620220553945e-12,5.040412531798211e-12,-2.2293278334473143e-11,-6.3504757008558954e-12,-4.7883919052083e-11
axis_y_p2p0pct,phase1_axis,0.0,0.02,0.0,True,5,2.8227420401094605e-10,1.932493718494151,0.3808476963871477,-0.03233417671137817,0.3091867330030659,0.4738873703797898,0.11357018503799113,-0.1490993711061682,1.9186221378522,0.35021119448835003,-0.029329906794636568,0.3085733869112021,0.4733983187356212,0.11208417160947821,-0.13970450715505275,-2.2315482794965646e-11,-2.8227420401094605e-10,-2.1538326677728037e-12,-4.055644708955697e-11,-2.3803181647963356e-11,1.199040866595169e-12,-5.2102766545658596e-11
axis_z_m2p0pct,phase1_axis,0.0,0.0,-0.02,True,5,2.6491697724395635e-09,1.924906155059661,0.37564143611959894,-0.03337954498514378,0.31770095864159464,0.48815191038571465,0.10334165291541092,-0.14849718501108444,1.9485623373293295,0.3688806347324944,-0.02969028007027022,0.3289948108505092,0.4907300579485891,0.1173255740197522,-0.14706547098302478,-6.716849298982197e-12,2.6491697724395635e-09,1.0056400157054668e-10,-3.266165116144748e-10,6.439293542825908e-12,-4.11448652926083e-11,1.7932322293745528e-10
axis_z_m1p0pct,phase1_axis,0.0,0.0,-0.01,True,6,9.861222949325565e-10,1.9245857821159569,0.3757179571703061,-0.03334034738135902,0.31743518630189377,0.48769346715860057,0.10362696803576016,-0.1484854915744794,1.9517704972106777,0.36841420096365834,-0.029583681975131587,0.32878300093142404,0.4893193349893942,0.11696834689373331,-0.14656071006563842,-4.440892098500626e-12,-9.861222949325565e-10,-1.304512053934559e-11,1.887379141862766e-11,3.3084646133829665e-11,-5.7842619582970656e-12,4.2588155224621005e-11
axis_z_p1p0pct,phase1_axis,0.0,0.0,0.01,True,6,4.616751425601251e-10,1.9244128601574804,0.376065059606637,-0.033249763076253346,0.31673716594229184,0.4864912354113295,0.10442083464114801,-0.14851119659624626,1.9581597187641766,0.3673105686695712,-0.029410367532530957,0.3283659451181522,0.48649788907100355,0.1160257554816431,-0.14554832508818677,-3.852473895449293e-12,4.616751425601251e-10,-1.2212453270876722e-12,1.0658141036401503e-11,3.3217872896784684e-11,-9.992007221626409e-12,8.515410598874951e-11
axis_z_p2p0pct,phase1_axis,0.0,0.0,0.02,True,5,4.616529380996326e-10,1.9243193654213424,0.37623555912348977,-0.0332053712350027,0.31639526014897795,0.4859033565471078,0.10481072086916253,-0.14852338688121233,1.9613408765920899,0.366746116801217,-0.029299951792286755,0.328160652154435,0.4850871661118086,0.11555610059306111,-0.1450433947416976,-1.751931932858497e-11,4.616529380996326e-10,5.88418203051333e-12,-1.8673951274195133e-11,3.730349362740526e-12,3.4861002973229915e-12,9.325873406851315e-12
pair_xm1p5_ym1p5,phase2_interaction,-0.015,-0.015,0.0,True,7,1.0129452832075003e-09,1.933376471992604,0.3740048081884755,-0.034242448139295695,0.32337472147957047,0.49806975415513927,0.09716848258264084,-0.14870873824312925,1.9836235661642803,0.3803936844902008,-0.03001358726532785,0.33607338690238237,0.49697754533931043,0.12000298646925762,-0.1506911297545088,-4.978906176233977e-10,-1.0129452832075003e-09,-1.2634338020234281e-11,-1.0124123761556802e-10,-1.3892220707134584e-10,-1.262323578998803e-11,-1.1002310174035301e-10
pair_xm1p5_yp1p5,phase2_interaction,-0.015,0.015,0.0,True,6,1.1048384429557245e-09,1.9448265061329095,0.3808951403485922,-0.03275869210789649,0.3114169583458784,0.4778624246127509,0.11116508123175539,-0.14956314305235605,1.9285405125688775,0.35330167344818464,-0.029744097648247758,0.3060733869023822,0.47521210539744263,0.11323821665102794,-0.14104777860082318,-2.9976021664879227e-13,-1.1048384429557245e-09,1.4233059175694507e-11,-3.0531133177191805e-11,-2.3303581286882036e-11,9.14823772291129e-12,1.283417816466681e-11
pair_xp1p5_ym1p5,phase2_interaction,0.015,-0.015,0.0,True,7,3.0062063949287676e-09,1.9057064365432819,0.3713360907329653,-0.033856082233629674,0.322830131808514,0.49655058032123656,0.09717148511452015,-0.14750510380182716,1.9819051151050844,0.3828950992967919,-0.029265365987918207,0.35107338691989054,0.5008066505142683,0.11987514616308317,-0.15121946327293503,-1.2190248810384219e-11,-3.0062063949287676e-09,-1.4133139103478243e-11,6.692424392440444e-11,3.5083047578154947e-11,-7.1387340483397566e-12,4.189981694935341e-11
pair_xp1p5_yp1p5,phase2_interaction,0.015,0.015,0.0,True,7,3.708588991457873e-10,1.9160248263808766,0.37817782269255507,-0.03238396938253433,0.3108931112289133,0.4764551291023356,0.1110943849715427,-0.14832072894418522,1.926745004679872,0.3558049208222295,-0.02900687897381618,0.3210733869198908,0.4788396787210879,0.1131749250131621,-0.1415143812531163,-3.530509218307998e-11,-3.708588991457873e-10,7.2164496600635175e-12,-2.4735768988648488e-11,-1.6220358389773537e-11,3.796962744218035e-12,-4.9971138338378296e-11
pair_xm1p5_zm1p5,phase2_interaction,-0.015,0.0,-0.015,True,6,5.826450433232822e-10,1.9389777403025314,0.3770494253723774,-0.033550262180063094,0.31781942235440086,0.4886308928183738,0.10352042909812412,-0.14910978302462943,1.9510455903735502,0.367383759898358,-0.030016483067412808,0.3213886299043791,0.4883116757328262,0.1172116252760407,-0.14661855593786413,1.9562129693895258e-11,5.826450433232822e-10,2.9753977059954195e-12,5.3512749786932545e-12,-2.0516921495072893e-11,-1.6320278461989801e-12,-3.431699369116359e-11
pair_xm1p5_zp1p5,phase2_interaction,-0.015,0.0,0.015,True,5,2.440270208126094e-10,1.9385292832489327,0.3774813701402248,-0.03341983962790595,0.31685161666357714,0.48696012728095284,0.10460878549041384,-0.14912670506368272,1.9606460361864997,0.3657980480966349,-0.029742750774515714,0.3207630314757036,0.4838779750039275,0.1158519918410542,-0.14502935880296725,-1.3156142841808105e-11,2.440270208126094e-10,-1.4432899320127035e-12,2.469136006766348e-11,-2.7045032879868813e-11,3.4861002973229915e-12,-6.606937219544307e-11
pair_xp1p5_zm1p5,phase2_interaction,0.015,0.0,-0.015,True,6,1.3516854302508818e-09,1.910798417657204,0.3743697730263094,-0.03316838002724653,0.31727473396122785,0.4871469843389831,0.10350387689561392,-0.1478904213258474,1.949305587125718,0.36986415947722906,-0.029281832952572834,0.33638862992215235,0.4917377172051564,0.11708443600009186,-0.1470143317975008,1.5343282200319663e-11,-1.3516854302508818e-09,6.084022174945858e-12,4.1100456371623295e-11,-7.749356711883593e-12,5.950795411990839e-12,8.704148513061227e-12
pair_xp1p5_zp1p5,phase2_interaction,0.015,0.0,0.015,True,5,2.2949198097421686e-09,1.9102475940188228,0.37477811736472566,-0.03304098493894023,0.31632906010386996,0.48552224519081055,0.10455919334656676,-0.1479001303194305,1.9588730925930264,0.36832603866342045,-0.028991066915759423,0.33576303149295167,0.48750554832757087,0.11578862535414061,-0.1455003506586379,3.312905505481467e-11,2.2949198097421686e-09,-7.30526750203353e-12,-2.4658053376924727e-11,-3.452793606584237e-12,-3.3084646133829665e-12,-5.767608612927688e-11
pair_ym1p5_zm1p5,phase2_interaction,0.0,-0.015,-0.015,True,6,1.0177192422133885e-09,1.9196589746565549,0.3724542542226547,-0.034117637020355425,0.3236189186371766,0.49821067549241504,0.09661442214921202,-0.14809225980084953,1.9778983588343018,0.3824798700138615,-0.029789774250392365,0.34388862991333213,0.5010081823655822,0.12065634799330929,-0.15172631954842647,1.199040866595169e-12,1.0177192422133885e-09,-1.2079226507921703e-11,-1.0758061108617767e-11,1.4765966227514582e-11,-1.0880185641326534e-11,-2.8199664825478976e-12
pair_ym1p5_zp1p5,phase2_interaction,0.0,-0.015,0.015,True,6,1.646238700914182e-10,1.9191370106442902,0.3728257528488307,-0.03398346027364641,0.32263792485545995,0.4964966805343878,0.09766276535921646,-0.14810347459348291,1.9875940182681402,0.3808664239426244,-0.02946141685165163,0.3432630314843922,0.4967760134879966,0.11934050054606539,-0.1501948743432023,8.060219158778636e-12,-1.646238700914182e-10,1.0480505352461478e-11,-1.52433621281034e-11,-2.5657254099087368e-11,-2.1871393585115584e-12,-5.7209792458934317e-11
pair_yp1p5_zm1p5,phase2_interaction,0.0,0.015,-0.015,True,6,1.337085997477061e-09,1.9305148336897187,0.37926963336748143,-0.03263442059308042,0.3116464973197982,0.4779920164055707,0.11054879293594379,-0.14892502727172502,1.9228873971513223,0.35537714710013557,-0.02952331083571136,0.3138886299133323,0.47924274242371495,0.11387675996848137,-0.14206417641231472,1.9761969838327786e-11,1.337085997477061e-09,-3.4861002973229915e-12,-6.858957846134217e-11,-4.879430193227563e-11,-2.0761170560490427e-12,-1.3675727217332678e-10
pair_yp1p5_zp1p5,phase2_interaction,0.0,0.015,0.015,True,5,4.882094728486663e-10,1.9300360301312822,0.3797354316443123,-0.03251053365136358,0.31071417898579906,0.4764080635125555,0.11164250221899166,-0.14894000980550637,1.9323615356993635,0.3538260911298304,-0.02924325597022731,0.31326303148439205,0.4750105735461294,0.11259458666034669,-0.1405635757992905,2.8199664825478976e-12,-4.882094728486663e-10,-2.1094237467877974e-12,3.532729664357248e-11,2.5801583092288638e-11,-2.942091015256665e-12,7.720490913243339e-11
validation_01,phase2_validation,-0.0166906968976708,-0.0177588310503958,-0.0167414382814477,True,5,5.4445337127617677e-11,1.9343664502327653,0.37341517305579497,-0.034482554977382146,0.32506577016074745,0.5010280320069934,0.09535722993749758,-0.14870458069381992,1.9834334571489813,0.3837419543353014,-0.030262368568863246,0.33833903121955433,0.5014112460682099,0.12143289536275473,-0.15252463547140502,-3.05089287166993e-11,3.5993430458347575e-11,-1.1723955140041653e-11,5.4445337127617677e-11,9.015010959956271e-12,5.329070518200751e-13,-9.00390872971002e-12
validation_02,phase2_validation,-0.0122683900042898,0.010103876561482,0.0044575806308353,True,6,2.2231105845094135e-10,1.9401283540516003,0.3795166184044849,-0.03293706569430586,0.31312243332843653,0.4806549299036146,0.10901535921417153,-0.14930962984857477,1.938656235786839,0.35756033815612404,-0.029691403614310802,0.3122425795548746,0.478638146869774,0.11405179398435725,-0.14246620548195363,-6.405986852087153e-12,-2.2231105845094135e-10,-1.1024514634527804e-11,-4.419797861032748e-11,-2.930988785010413e-11,4.218847493575595e-13,-9.919842725025774e-11
validation_03,phase2_validation,-0.0022073971764227,0.017230356477012,-0.0037629185249522,True,5,4.992006807924554e-10,1.9334496613043697,0.3802421894709545,-0.03250828809617187,0.31043972273386744,0.4760103102246284,0.11206997140881682,-0.14909704790862247,1.922553684995689,0.352639685701483,-0.029447958669668595,0.31031795171748255,0.4756151691000697,0.11286999915843049,-0.14071131781410726,2.575717417130363e-12,4.992006807924554e-10,-1.9806378759312793e-11,-3.086420008457935e-12,4.2454928461665986e-11,-7.682743330406083e-12,5.568878691519785e-11
validation_04,phase2_validation,0.010999625234478,0.0019447359453563,-0.0136949715867342,True,6,1.8679835456225646e-09,1.9150039828730703,0.37511401533385874,-0.033122611153992856,0.3165957029063405,0.48607842401221374,0.10437065270384115,-0.14808747025298896,1.9463873963467164,0.36777780542834304,-0.02932821399998331,0.3324160837174234,0.48972239869202117,0.11664485524912684,-0.1462771500127289,5.91993121190626e-10,-1.8679835456225646e-09,3.304023721284466e-11,2.2017943024366105e-10,1.2363443602225743e-10,-4.141131881851834e-12,4.347633364432113e-11
validation_05,phase2_validation,0.0195131290489759,0.0096082345211527,0.0162620183224917,True,6,5.254463530945941e-10,1.9094527931572132,0.376684029546148,-0.03251610590330485,0.31241393933811495,0.47888802401028563,0.1091120130931946,-0.14798800968067047,1.9413971474203768,0.36007657967563345,-0.02880158420483439,0.32838547028408605,0.481056529085537,0.11357648913311653,-0.14248850166121033,5.254463530945941e-10,4.0034642267983145e-11,3.346212196220222e-11,4.800604358479177e-11,1.4022116801015727e-10,3.290701044988964e-11,9.530154443382344e-11
validation_06,phase2_validation,0.0074415802694216,-0.0109447115094505,0.0086197077368819,True,6,2.2515322939398175e-10,1.9136555279568435,0.37292187642611785,-0.03371027268103836,0.3210753191181651,0.49369719704320275,0.09927175693976574,-0.14790431814934688,1.977543843663697,0.37804965062034274,-0.029306917674423005,0.34305995144084384,0.49556682238011485,0.11857184155732918,-0.14928014594980143,8.704148513061227e-12,2.2515322939398175e-10,1.616484723854228e-11,-3.2795988147427124e-11,-7.203126983768016e-11,8.770761894538737e-12,-1.0978995490518173e-10
validation_07,phase2_validation,-0.0096297463073575,-0.0069259474504271,-0.0097270843377641,True,5,5.140332604014475e-10,1.9311784122730635,0.375056341515265,-0.03380740623618554,0.3203666721107658,0.49284295275999407,0.1004553001340529,-0.14869006002699414,1.9651727694760526,0.3739119976742783,-0.029897861540216453,0.33088832548879266,0.4931484401643526,0.11856066372304006,-0.14863939440000182,4.418687638008123e-12,5.140332604014475e-10,5.5067062021407764e-12,4.560796185160143e-11,-5.81756864903582e-12,3.6193270602780103e-12,5.3512749786932545e-12
validation_08,phase2_validation,0.0042447431931197,-0.0008398559478993,0.010928888105964,True,7,2.3264279391810305e-09,1.920046723183266,0.3754793883688912,-0.03323519687894696,0.31698965084213165,0.486837456190599,0.10402756476532914,-0.14830903840762813,1.959752394577569,0.36838230659654136,-0.02927842147128934,0.3313090130720643,0.4875055483275715,0.11618445795928124,-0.14584241064781867,2.6290081223123707e-11,-2.3264279391810305e-09,-8.781864124784988e-12,9.414691248821327e-12,-4.307665335545607e-12,1.4432899320127035e-12,-2.3003821070233244e-11
corridor_x_m3p0pct,corridor,-0.03,0.0,0.0,True,6,2.5878188480987774e-10,1.9530601347434726,0.37860246367271755,-0.03367988669517829,0.31762567224795535,0.4885732458103823,0.10404977135538165,-0.14973122932295657,1.956758801234429,0.36535851168939215,-0.03026657953091011,0.3135733868934292,0.48407950685524004,0.1166240831146353,-0.14552982162463735,-1.7674750552032492e-11,-2.5878188480987774e-10,-1.9106938253798944e-11,-4.957145804951324e-11,9.836575998178887e-11,-8.85957973650875e-12,1.4170886686315498e-10
corridor_x_m5p0pct,corridor,-0.05,0.0,0.0,True,6,2.252309450057055e-09,1.9724162464336157,0.38040857449657345,-0.033943521775033014,0.3180152872431681,0.48962422922783333,0.10402939747571775,-0.15055848496089108,1.9579888216802417,0.36371470167093595,-0.030802117205161406,0.30357338688128077,0.4816611246394778,0.11675142190082766,-0.14522585478485908,2.3647750424515834e-11,-2.252309450057055e-09,-6.672440377997191e-12,-3.799183190267286e-11,2.1671553440683056e-11,-4.3298697960381105e-13,6.992184609089236e-11
corridor_x_m8p0pct,corridor,-0.08,0.0,0.0,True,6,1.3315348823539352e-09,2.0021879992350837,0.3832190061367816,-0.03434230517591557,0.31855142404282544,0.4911346499233074,0.10406488530498757,-0.15183360857953057,1.9598916218074613,0.3611058778514857,-0.03157873428688532,0.28857338686259637,0.4782350831671464,0.11688970063583026,-0.14483623042994034,1.658673198789984e-11,-1.3315348823539352e-09,-3.630429290524262e-12,-3.1374902675906924e-11,4.1810999107383395e-11,-1.1657341758564144e-12,6.785683126508957e-11
corridor_x_p3p0pct,corridor,0.03,0.0,0.0,True,6,1.3407830401490628e-09,1.896595892935656,0.37321859600683455,-0.03291914770786474,0.3165593904599727,0.48565262049975405,0.10398271200673077,-0.1472850907065485,1.9532451703705027,0.37032517890847955,-0.028737463218983322,0.34357338692844996,0.4913346535025306,0.11637473248431017,-0.14645283520415195,1.2434497875801753e-12,-1.3407830401490628e-09,-1.3877787807814457e-11,-2.297051437949449e-11,-1.3111733920823099e-11,-6.672440377997191e-12,-7.454037387333301e-11
corridor_x_p5p0pct,corridor,0.05,0.0,0.0,True,5,8.700151710172577e-10,1.8782934981473889,0.37143181815538306,-0.03267554989817635,0.31624094651197204,0.4847597285281813,0.10391457783078996,-0.14648073341986034,1.9521303008252222,0.37197920449325533,-0.02823858702822929,0.35357338693966434,0.4939545675696061,0.11631577275518039,-0.14682425513440686,-5.111466805374221e-11,8.700151710172577e-10,1.3322676295501878e-13,-4.8405723873656825e-12,6.661338147750939e-12,-2.020605904817785e-12,1.554312234475219e-11
corridor_x_p8p0pct,corridor,0.08,0.0,0.0,True,6,9.336753592492641e-10,1.851282015788713,0.3687425671928612,-0.03232029945439727,0.31581235382391337,0.483518908207056,0.10375131077514091,-0.1452805305770311,1.9505083538994892,0.37449548668432797,-0.027523246674885204,0.368573386956071,0.4975821408932513,0.1162602966995616,-0.1472864394500178,3.157474282033945e-11,9.336753592492641e-10,3.907985046680551e-12,1.5121237595394632e-11,1.8340884366807586e-11,-1.1324274851176597e-12,8.65529869997772e-11
corridor_y_m3p0pct,corridor,0.0,-0.03,0.0,True,6,2.3229085321929688e-09,1.9152299560792465,0.3698608818199432,-0.0348305080386894,0.32919051470107435,0.5077928212436332,0.09057604243294758,-0.14776033464590968,2.011000819561278,0.3958708963291037,-0.029732785031637593,0.358573386911202,0.5100771156746935,0.12350655345935573,-0.15601614291568022,2.220446049250313e-12,-2.3229085321929688e-09,-4.2299497238218464e-12,2.6201263381153694e-11,4.4919623576333834e-11,-2.609024107869118e-12,1.249000902703301e-10
corridor_y_m5p0pct,corridor,0.0,-0.05,0.0,True,5,2.793099085351969e-10,1.9107377641388552,0.3667467370862634,-0.035924076427904905,0.3374543890432177,0.5222790660103207,0.08213239692219601,-0.14737116758497462,2.049382039038964,0.4156964592733343,-0.029905737324174703,0.3785733869112023,0.5255950682258399,0.12851141827595555,-0.1631155900153551,3.064215547965432e-12,-2.793099085351969e-10,5.508926648190027e-11,-8.008038676621254e-11,1.4908074774666602e-10,-3.502753642692369e-11,2.781330721290942e-10
corridor_y_m8p0pct,corridor,0.0,-0.08,0.0,True,7,6.961986542819432e-10,1.9068067153587756,0.363558417955744,-0.0376640331638251,0.3499724501507937,0.544817876310481,0.0703750721055271,-0.14698162265532028,2.108530413545966,0.44698826307585754,-0.03009137277837476,0.408573386911202,0.54977889038347,0.13635818826004356,-0.17441118736109879,-4.130029651605582e-12,-6.961986542819432e-10,-1.1168843627729075e-11,3.3306690738754696e-13,-8.826273045769994e-12,2.7755575615628914e-12,-5.193623309196482e-11
corridor_y_p3p0pct,corridor,0.0,0.03,0.0,True,6,3.2609026590080248e-09,1.9369749168151653,0.38357344397679627,-0.03187379995170501,0.3053186665285365,0.4675046400737649,0.11848327171888492,-0.14942430505614962,1.9007452600231505,0.3417141060677765,-0.029245164998920298,0.2985733869112019,0.466546235790959,0.10997596641915248,-0.13671397102873564,2.8756996783840805e-10,3.2609026590080248e-09,7.525091660909311e-11,2.2046808823006359e-10,-3.884670363163423e-11,1.6053824936079764e-11,9.896528041508645e-11
corridor_y_p5p0pct,corridor,0.0,0.05,0.0,True,7,2.461231218831017e-09,1.9471473852632348,0.3896159566221928,-0.030985679787481565,0.29767104972484354,0.45503479360316385,0.12870788208707648,-0.15014491312842912,1.865576827287024,0.3252303315837721,-0.029052141421840094,0.2785733869112021,0.4526405380503213,0.10589593001511388,-0.13078706340552007,1.829647544582258e-11,-2.461231218831017e-09,-2.098321516541546e-12,-2.5623947408348613e-11,-2.1094237467877974e-11,-4.3298697960381105e-13,-6.195044477408373e-11
corridor_y_p8p0pct,corridor,0.0,0.08,0.0,True,7,4.878986104017713e-10,1.9648688560885614,0.39984600074069987,-0.02974582245268654,0.2866449174079969,0.4373905804484122,0.14471728874992035,-0.15133230685491642,1.8142627828434308,0.30197394419204715,-0.028697747696402875,0.24857338691120195,0.43268888477027545,0.10015353433021633,-0.12243287232155804,4.878986104017713e-10,-2.350453165433919e-10,2.4580337765200966e-11,8.819611707622244e-11,1.1162182289581324e-10,-4.685141163918161e-12,5.289102489314246e-11
corridor_z_m3p0pct,corridor,0.0,0.0,-0.03,True,6,6.958322806838169e-10,1.9249812936311639,0.3754626166994541,-0.033426347767490705,0.3180618726560739,0.48877516424178563,0.10293274611667126,-0.14848321197409023,1.9453450778281987,0.36946610702699756,-0.029794260204530826,0.3292088406176082,0.49214078090778346,0.11779958039464657,-0.14757351246509595,2.686739719592879e-12,-6.958322806838169e-10,-9.559020242022598e-12,-5.1458837191376006e-11,3.086420008457935e-12,2.8421709430404007e-12,-3.6914915568786455e-11
corridor_z_m5p0pct,corridor,0.0,0.0,-0.05,True,5,7.857714479087008e-10,1.9251180431237767,0.3750993554715888,-0.033521840642862434,0.3187983364331835,0.49004919529769486,0.10210088219587873,-0.14845399297256615,1.938883059171905,0.3706528792962802,-0.029997323077027432,0.3296436569017885,0.49496222682617397,0.11886901344914794,-0.1486072277242309,-1.0824674490095276e-11,-7.857714479087008e-10,5.484501741648273e-12,-2.631228568361621e-12,-9.059419880941277e-12,3.907985046680551e-12,8.43769498715119e-12
corridor_z_m8p0pct,corridor,0.0,0.0,-0.08,True,5,2.247324548676488e-09,1.9255320286939086,0.3746388699839527,-0.033662763488737944,0.31984916974209987,0.4918724047723393,0.10093523668588289,-0.14843202989330348,1.929120517025394,0.3723604923720618,-0.03029019723266521,0.33031314528223543,0.49939592755507395,0.12024872728062766,-0.150209779139136,1.9828583219805296e-11,-2.247324548676488e-09,-6.2949645496246376e-12,-7.23421322845752e-11,2.1826984664130578e-11,-1.5654144647214707e-12,2.107203300738547e-11
corridor_z_p3p0pct,corridor,0.0,0.0,0.03,True,5,3.0190072664026957e-09,1.9239811989647961,0.37630226083684426,-0.033168471067530916,0.31614800657560577,0.485478795747662,0.10507611054106857,-0.14850975229060856,1.9645131265175164,0.3663414294807535,-0.029229642401548517,0.3279574848925079,0.4836764431526136,0.115202830499947,-0.14454176278027417,1.4943601911454607e-11,3.0190072664026957e-09,-5.950795411990839e-12,-1.2878587085651816e-11,5.693223670277803e-11,-6.183942247162122e-12,1.283861905676531e-10
corridor_z_p5p0pct,corridor,0.0,0.0,0.05,True,5,1.7224888182454379e-09,1.9237707468617045,0.3766320047853152,-0.03308257064447944,0.3154873119345379,0.48434564857161677,0.10583191207683827,-0.14853181393327303,1.9708311014738211,0.3652382676397319,-0.02900103983324029,0.32755743629440737,0.48085499723422376,0.11426868697613662,-0.14353531377569342,-2.4980018054066022e-12,1.7224888182454379e-09,6.59472476627343e-12,2.930988785010413e-11,-5.972999872483342e-12,3.4638958368304884e-12,4.662936703425657e-13
corridor_z_p8p0pct,corridor,0.0,0.0,0.08,True,5,7.070455332325309e-10,1.9231796063186275,0.3770068086761139,-0.03296478281605178,0.3146201291160733,0.4828624577776044,0.10680947842900992,-0.14853591521584159,1.9802424280036097,0.3638168924867091,-0.02872959940412373,0.3269727431301577,0.47682436020795205,0.11293163685636602,-0.1420889027753174,-3.744782262060653e-11,-7.070455332325309e-10,3.2862601528904634e-12,-1.6653345369377348e-12,1.1324274851176597e-12,4.596323321948148e-12,9.547918011776346e-12
