N_eff,threshold_ratio_kAdj_over_k0,threshold_mismatch_pct,max_error_pct,rms_error_pct,h_d0,h_d1,a_d0,a_d1,error_ct_pct,error_ut_pct,error_sb_pct,error_db_pct,error_Vus_pct,error_Vcb_pct,error_Vub_pct
19.5,0.9285714285714286,-7.14285714285714,3.2326577445050297,2.01018834773595,2.557047681688993,-0.6240065285880255,0.2700703199470556,0.2394403027724902,3.2326577445050297,0.20006047008984673,-2.990263443624086,-1.5469241266696798,-1.2549108839158052,1.040486140897423,1.9503429485338009
19.51,0.9290476190476191,-7.095238095238088,3.2056350725077953,1.9956235433116352,2.557927148538856,-0.6242577048320767,0.27000390067136587,0.23945078022121574,3.2056350725077953,0.19931536353632318,-2.969419331453238,-1.5382033211523871,-1.2426118501482453,1.0336618308283363,1.9405434394136778
19.52,0.9295238095238095,-7.0476190476190474,3.1786611988008584,1.9810681882940309,2.5588030181173065,-0.6245087661332429,0.26993777650889655,0.23946157099928558,3.1786611988008584,0.19841461944503092,-2.9485129640093755,-1.5293697757049807,-1.2304033206866682,1.0268661896612352,1.9308328969450228
19.53,0.93,-6.999999999999995,3.1516584708614293,1.9665193622202501,2.559682194166886,-0.6247600651684297,0.2698715574232565,0.23947213793449215,3.1516584708614293,0.19764881880215412,-2.9277040907817686,-1.5206599438783774,-1.2181076590126572,1.0200404611819147,1.9210012810754407
19.54,0.9304761904761905,-6.952380952380954,3.12467260339635,1.951978495500879,2.5605640320503054,-0.6250118037705754,0.2698052963750975,0.23948261433303475,3.12467260339635,0.19706543425010992,-2.9069184609149756,-1.5120193816059668,-1.2057652807127561,1.0131660001808873,1.9111184839349926
19.55,0.930952380952381,-6.904761904761902,3.0977741428507732,1.9374487049152682,2.5614388806866732,-0.6252632546458116,0.26973954557436897,0.23949366749613907,3.0977741428507732,0.1961847819176521,-2.885988901917891,-1.503149612509802,-1.1935952575101605,1.0063711342665815,1.9014247506164095
19.56,0.9314285714285714,-6.857142857142861,3.0708427432044827,1.9229257650616483,2.562315498370802,-0.6255147353551407,0.269673732233086,0.23950456085481925,3.0708427432044827,0.19533269410232368,-2.8651453875622845,-1.4943875872424073,-1.1813865481688612,0.9995286322998398,1.89163697757615
19.57,0.9319047619047619,-6.80952380952381,3.0439461485680663,1.9084120935394915,2.5631891061035508,-0.6257660834740119,0.2696081882796201,0.2395157058493,3.0439461485680663,0.19433555037255967,-2.8442656726209825,-1.4855361709228743,-1.1692436665668549,0.9927263824420551,1.8819089287423152
19.58,0.9323809523809523,-6.761904761904769,3.017072074975813,1.893906913805123,2.5640641587538737,-0.6260177597372966,0.26954266737716026,0.23952683736841332,3.017072074975813,0.19345408495665684,-2.823393645757144,-1.4767186819624412,-1.1570799543350718,0.98589151970645,1.8721563889309012
19.59,0.9328571428571428,-6.714285714285717,2.9902369007965612,1.8794110615429214,2.5649377184028666,-0.626269510303549,0.26947733859575396,0.23953814757246925,2.9902369007965612,0.19253252147994893,-2.802487092140571,-1.4678470060781823,-1.144956911430961,0.9790701323720841,1.8624453508848449
19.6,0.9333333333333333,-6.666666666666665,2.963417028198334,1.8649239592327023,2.5658101239749658,-0.6265212318802884,0.2694121528504037,0.23954956237475658,2.963417028198334,0.1915466090707474,-2.7815796113946467,-1.4589591412419223,-1.132864599692085,0.9722507244596335,1.8527434919036523
19.61,0.9338095238095238,-6.619047619047624,2.9366066204634445,1.8504448794359336,2.5666865575472784,-0.6267735158797852,0.26934688479684044,0.23956080938226984,2.9366066204634445,0.19081577360424706,-2.7607246683626685,-1.450161521780069,-1.120676381674779,0.9653990565974491,1.842952694815625
19.62,0.9342857142857144,-6.571428571428561,2.9097622773294196,1.8359733296572915,2.5675631672879162,-0.6270256326547151,0.2692816328584532,0.23957197665860397,2.9097622773294196,0.1900094445942635,-2.739944337703659,-1.4414388107386156,-1.1084831685894692,0.9585219540402035,1.8330920000493078
19.63,0.9347619047619047,-6.523809523809532,2.8830320847654134,1.8215136603820188,2.568435031083394,-0.6272778881105129,0.2692168028615079,0.23958366174860643,2.8830320847654134,0.18910210710583186,-2.7190000975825357,-1.4325057408848374,-1.0964222087653686,0.9516938610841352,1.8234180548048817
19.64,0.9352380952380953,-6.476190476190469,2.856291030958835,1.8070621589248204,2.5693076155478574,-0.6275301821357098,0.2691520049384353,0.23959529671170932,2.856291030958835,0.18819906629603533,-2.698107226903146,-1.4236237849842626,-1.0843410614705729,0.9448519921715359,1.8136896282699766
19.65,0.9357142857142856,-6.4285714285714395,2.829534761877217,1.7926188960054712,2.5701801521999155,-0.6277823946736171,0.26908724948322504,0.23960690987367286,2.829534761877217,0.18724273914614287,-2.677267251914195,-1.4147826661521479,-1.0722605052776002,0.9379861824462488,1.803917994788451
19.66,0.9361904761904762,-6.380952380952376,2.802837193793861,1.7781859439498866,2.5710516030013575,-0.628034850990853,0.2690227040410566,0.23961872277030802,2.802837193793861,0.18631104521986686,-2.6563622951507826,-1.4058791649296243,-1.0602170461587623,0.9311439901331875,1.7942024505425147
19.67,0.9366666666666668,-6.333333333333324,2.7761297471259994,1.7637619117847527,2.5719197898656,-0.6282868649312611,0.2689583471947801,0.2396306874251126,2.7761297471259994,0.18513142565088625,-2.635478160942828,-1.3969432259563486,-1.0482479459576366,0.9243061221974491,1.7845059471766511
19.68,0.9371428571428572,-6.285714285714283,2.749476430559361,1.749347310300633,2.572794353785074,-0.6285400071708735,0.2688938641873528,0.23964247474795966,2.749476430559361,0.1844433193206818,-2.61460462098545,-1.3880898943454456,-1.0361373933473028,0.917426072533023,1.7747309454761329
19.69,0.9376190476190477,-6.238095238095232,2.7228372903760567,1.7349426889921007,2.573663397796978,-0.6287925779084743,0.2688297182802744,0.23965457950596536,2.7228372903760567,0.18341044088212577,-2.5936944881780333,-1.3791350482969977,-1.0241567597524814,0.9105911173689973,1.765039038633054
19.7,0.9380952380952381,-6.190476190476191,2.6961712293875673,1.7205459950285493,2.5745371901317498,-0.6290455833133073,0.2687653999403596,0.23966639342119114,2.6961712293875673,0.18260691506668536,-2.5728868161200236,-1.3703384224378556,-1.0120666883124296,0.9036962039036922,1.755205199496257
19.71,0.9385714285714286,-6.142857142857139,2.6696007676040967,1.7061614348082597,2.575404449070883,-0.629298389808763,0.26870154516957606,0.2396787695407531,2.6696007676040967,0.1815531485092059,-2.55193131784055,-1.3613120164843062,-1.000143567372913,0.8968555461404071,1.7455707387736163
19.72,0.939047619047619,-6.0952380952380985,2.6430255079330056,1.691785908726882,2.5762732765728273,-0.6295513763903536,0.2686376930639851,0.23969106173614071,2.6430255079330056,0.18056933939434305,-2.5310174485828285,-1.352357980273522,-0.9881893967248367,0.8899935231892808,1.7358743093598639
19.73,0.9395238095238095,-6.047619047619046,2.616443738146357,1.677419589683225,2.5771421106510455,-0.629804340538313,0.2685738986483592,0.23970335386366037,2.616443738146357,0.17955257342505693,-2.5101507050361627,-1.34342646564648,-0.9762287591358332,0.8831178988888855,1.726142332882108
19.74,0.94,-6.000000000000005,2.589902829539392,1.6630638383999043,2.5780100621691706,-0.6300574635816227,0.26851027806176875,0.2397157938385872,2.589902829539392,0.17853878495610598,-2.489246900609454,-1.3344561113626585,-0.964296201747572,0.8762585971766379,1.7164431277460146
19.75,0.9404761904761905,-5.952380952380953,2.563362666685798,1.648717616985087,2.57887888805097,-0.6303107160538194,0.268446674126701,0.2397282031745293,2.563362666685798,0.17756141049720675,-2.4683818074765274,-1.325526300286639,-0.9523475940898196,0.8693666577556769,1.7067041930645122
19.76,0.940952380952381,-5.9047619047619015,2.536874414757939,1.6343824817529575,2.5797462321520794,-0.630564121377042,0.2683832883637452,0.23974081743284104,2.536874414757939,0.17657051113817435,-2.4474615798551036,-1.3165287227148492,-0.9404395459670201,0.8625033840840457,1.697020637822222
19.77,0.9414285714285714,-5.857142857142861,2.5103951284407566,1.620057489817492,2.5806126454609775,-0.6308174830208297,0.2683200194334277,0.23975351042492155,2.5103951284407566,0.17551723193269808,-2.426555223579563,-1.3075222169462108,-0.9285533958493741,0.8556362506571658,1.6873365074343116
19.78,0.9419047619047619,-5.809523809523808,2.4839179326100913,1.6057425210296818,2.5814795696742503,-0.6310709374145345,0.2682567986049869,0.23976618721484186,2.4839179326100913,0.17447982922693672,-2.405672202714537,-1.2985599625301325,-0.9166647427472752,0.8487502522645851,1.6776185012199463
19.79,0.9423809523809523,-5.761904761904768,2.4574848324126153,1.5914389943914011,2.582342884297518,-0.6313242307398592,0.2681938500377951,0.23977915692621807,2.4574848324126153,0.1732784329847803,-2.3847354370665763,-1.2894896633726227,-0.9048646980142627,0.8418877033686378,1.6679891095775057
19.8,0.9428571428571428,-5.714285714285716,2.4310415054962453,1.577144920858927,2.5832117398395584,-0.6315781675890291,0.2681307354753181,0.23979184341271245,2.4310415054962453,0.17238858351840136,-2.3638868918964717,-1.2805668410052373,-0.8929333891106395,0.834978681239118,1.6582189171187034
19.81,0.9433333333333332,-5.666666666666675,2.4046343966853456,1.562862405022679,2.5840770097675945,-0.6318318975536646,0.2680678854861572,0.23980479934096452,2.4046343966853456,0.1713208850236736,-2.3429903237367933,-1.2715528759434713,-0.8810921945544226,0.8280933603788343,1.6485273457279126
19.82,0.9438095238095239,-5.619047619047612,2.3782711290680103,1.5485913814810615,2.5849421158801578,-0.6320858943140887,0.2680051670140919,0.23981787513544026,2.3782711290680103,0.1703078544494474,-2.3220607904656854,-1.2625093135612775,-0.8692652609577523,0.8212069157419011,1.6388622776545292
19.83,0.9442857142857142,-5.571428571428583,2.3518975193061786,1.534330861839083,2.5858068503338916,-0.6323397969415636,0.26794251841831523,0.2398309551128904,2.3518975193061786,0.16923017112067118,-2.301174313252452,-1.2534939331817818,-0.8574447289704801,0.8143100723568164,1.6291638792121255
19.84,0.9447619047619048,-5.52380952380952,2.325550929538389,1.5200817904843023,2.5866713053192516,-0.6325938479338049,0.26787998847155,0.2398441210935868,2.325550929538389,0.16816685907437012,-2.280277104855233,-1.2444665761933926,-0.8456366741472987,0.8074134312924031,1.6194736064790272
19.85,0.9452380952380953,-5.476190476190467,2.2992263601024465,1.5058441094961132,2.5875365987212295,-0.6328481569619717,0.2678175222015173,0.23985730656739168,2.2992263601024465,0.16717910901222766,-2.259383797319703,-1.235457502455961,-0.8338162270146277,0.8005050912660794,1.6097659394171515
19.86,0.9457142857142857,-5.428571428571427,2.2729365338932217,1.4916186904339537,2.588397572901458,-0.6331021541935705,0.26775534855213445,0.2398707989371212,2.2729365338932217,0.16596438779417078,-2.2384496341007476,-1.2263293144307075,-0.8220917964512076,0.7936306953464811,1.6001483069436162
19.87,0.9461904761904762,-5.380952380952375,2.2466573773558096,1.4774045049604096,2.589262183918776,-0.633356691432411,0.267693106248135,0.23988414498021923,2.2466573773558096,0.16498065171148824,-2.217550856821948,-1.2172981364853008,-0.8102950191614222,0.7867173341196132,1.5904501798894355
19.88,0.9466666666666667,-5.333333333333334,2.2203957613667225,1.463202656816838,2.5901220603274986,-0.6336107562447265,0.26763115894661743,0.23989776943501978,2.2203957613667225,0.16370998450503382,-2.196621371765728,-1.2081738177048718,-0.7986070903718612,0.7798423130017218,1.5808286009759032
19.89,0.9471428571428572,-5.285714285714283,2.1941397834807974,1.4490123847500944,2.5909844051480277,-0.6338651831827723,0.26756915833508726,0.2399112949543565,2.1941397834807974,0.16258619404541097,-2.1757321520494255,-1.1991230198765468,-0.7868745161708879,0.7729140171276017,1.5711462636673224
19.9,0.9476190476190476,-5.238095238095242,2.167938079135423,1.4348350560307948,2.5918468837246262,-0.6341199802476842,0.26750731832239943,0.23992495594428254,2.167938079135423,0.16155647438882426,-2.1548020308005733,-1.1900258065554392,-0.7751384339442224,0.7660125663352169,1.5614920431916257
19.91,0.9480952380952381,-5.19047619047619,2.141727957336026,1.4206698806075342,2.592707193893418,-0.6343744661175958,0.26744561564086833,0.23993870563776426,2.141727957336026,0.1603518504314838,-2.133892623825695,-1.1809274971849693,-0.7634573976581405,0.7591068526103584,1.5518412010067983
19.92,0.9485714285714286,-5.142857142857138,2.1155595808060035,1.4065180407748439,2.5935646781648005,-0.634628868080444,0.2673841592444466,0.23995270426912413,2.1155595808060035,0.1590291347207451,-2.1129427909197696,-1.1717328124556614,-0.7518380439259675,0.7522327554313257,1.5422609388240138
19.93,0.949047619047619,-5.095238095238097,2.0920628159278865,1.392378211251262,2.594428228834712,-0.6348840785797732,0.26732251679148855,0.23996642980745325,2.0893947612365515,0.15807713122444333,-2.0920628159278865,-1.162685461955093,-0.7400879509364966,0.7452923480732121,1.5325487157099582
19.94,0.9495238095238095,-5.047619047619046,2.071144293325078,1.3782519708451886,2.5952881504483996,-0.6351390055056491,0.26726112391774787,0.23998039466549023,2.0632559527994143,0.1569252221955031,-2.071144293325078,-1.1535649329779463,-0.728429871590297,0.7383743210487292,1.522905564921384
19.95,0.95,-5.000000000000004,2.0502332367055898,1.3641390309583212,2.596148425238541,-0.6353941186821597,0.2671998132950259,0.23999440143055573,2.0371372908637886,0.155814350809802,-2.0502332367055898,-1.1444481427582254,-0.7167651644735207,0.731451501871172,1.5132511819899053
19.96,0.9504761904761905,-4.9523809523809526,2.0293098824873956,1.3500398088554937,2.597007180415772,-0.6356491754078387,0.267138651051408,0.24000853186884927,2.0110381783240427,0.1546246805239626,-2.0293098824873956,-1.1353079913519082,-0.7051444375708593,0.7245281126352143,1.5036211470093264
19.97,0.9509523809523809,-4.904761904761912,2.008417954653352,1.335954083196359,2.5978661801279377,-0.6359043046943201,0.26707756258463516,0.24002267386188875,1.984943224656055,0.15343774161897805,-2.008417954653352,-1.126184183211909,-0.6935116977264233,0.7176056942709952,1.4939613578596633
19.98,0.9514285714285714,-4.857142857142859,1.987540125001741,1.3218823309891297,2.5987266099205395,-0.6361597687411468,0.2670165006578698,0.2400368104925993,1.9588700499411749,0.15236317470579408,-1.987540125001741,-1.1170847562461117,-0.6818521769135999,0.710657853763208,1.4842751739146287
19.99,0.9519047619047618,-4.809523809523819,1.9665516603447064,1.307826256122145,2.5995807803471025,-0.6364148381258667,0.2669558572836755,0.2400513954602682,1.9328597074643517,0.15099492297996342,-1.9665516603447064,-1.107813437998284,-0.6703458714761301,0.7037762230373001,1.4747473994486393
20.0,0.9523809523809523,-4.761904761904767,1.9456396773577689,1.2937838875486118,2.6004389607794614,-0.6366703683112754,0.2668950853751123,0.24006577356798192,1.9068383636777098,0.14983795428773483,-1.9456396773577689,-1.0986634108424265,-0.6587536070033595,0.6968341577612058,1.4651088947341462
20.01,0.952857142857143,-4.714285714285705,1.9246469664790045,1.2797573775152904,2.601290247897669,-0.6369252698959522,0.2668347243282657,0.24008057224102058,1.8808559074222408,0.14830035721220547,-1.9246469664790045,-1.0893563141376128,-0.6473231488410724,0.689957889671966,1.455612724396449
20.02,0.9533333333333334,-4.666666666666663,1.9038185431792032,1.2657442061798438,2.602153586634061,-0.6371815775768853,0.26677390379970417,0.2400947604087607,1.8548477611935565,0.14745369133237762,-1.9038185431792032,-1.0803397895429834,-0.6356143586230822,0.6829678310219522,1.4458375367693233
20.03,0.9538095238095239,-4.6190476190476115,1.882884484337899,1.2517478603265282,2.6030089862942702,-0.6374372303989493,0.2667135453793146,0.24010946297606744,1.8288959106595337,0.14619455066195997,-1.882884484337899,-1.0711157089650758,-0.6240916352187154,0.6760455605985705,1.436246855400114
20.04,0.9542857142857143,-4.571428571428571,1.8619790524531554,1.2377670541000998,2.6038645599905235,-0.6376929363358778,0.2666532538376764,0.24012417239833087,1.8029465836632452,0.14493039211513903,-1.8619790524531554,-1.0619157726769357,-0.612564352212519,0.6691171966342946,1.426627404384262
20.05,0.9547619047619048,-4.523809523809518,1.8410175268201545,1.223803017544449,2.604718629679577,-0.6379487474154186,0.266593130864628,0.24013905782499098,1.7770426759930569,0.14363958286571776,-1.8410175268201545,-1.052673693560513,-0.6010956243963306,0.6621818507947186,1.417065836800191
20.06,0.9552380952380952,-4.476190476190478,1.8201489097473988,1.209854584026118,2.6055763161621353,-0.6382049341915851,0.26653291548958163,0.2401537521748144,1.7511215880434694,0.14252250347501771,-1.8201489097473988,-1.0435334949310815,-0.589530736686561,0.655216337033071,1.4073870024991164
20.07,0.9557142857142857,-4.428571428571426,1.7991938968677013,1.1959240423266733,2.606428624102164,-0.6384607636808781,0.2664730526757605,0.24016882384732874,1.7252522985829133,0.1411465205669593,-1.7991938968677013,-1.0342517301713205,-0.5780985140062755,0.6482974278586129,1.3978410511636508
20.08,0.9561904761904761,-4.380952380952385,1.7782751130693053,1.1820104462319723,2.607284251179608,-0.638717132748898,0.26641313706094544,0.24018378678771948,1.699397926360735,0.13998860164115,-1.7782751130693053,-1.0250418494393898,-0.5665958323273435,0.6413416934311078,1.3882246102466134
20.09,0.9566666666666667,-4.333333333333334,1.7573635245505148,1.1681144940265682,2.6081385306446703,-0.6389733915260051,0.26635335462302934,0.24019883774420656,1.6735514833815746,0.13874010019714333,-1.7573635245505148,-1.0158223856825965,-0.5551260672478464,0.6343915314003912,1.3786144032426728
20.1,0.9571428571428572,-4.285714285714281,1.7364000374454513,1.1542372828855119,2.608990469852656,-0.6392296566379403,0.26629378581710206,0.2402141165286085,1.6477521619767899,0.13741566159832797,-1.7364000374454513,-1.006522615471639,-0.5437188416193894,0.6274549800599383,1.369077385993367
20.11,0.9576190476190476,-4.238095238095241,1.7155034154356819,1.1403779368466465,2.6098449595207454,-0.6394861767118079,0.26623416811711037,0.2402292497292699,1.6219381655935505,0.13620223601777948,-1.7155034154356819,-0.9973204733857988,-0.5322536443691739,0.6204908177175561,1.3594467690936085
20.12,0.9580952380952381,-4.190476190476189,1.694611875029417,1.1265376713980142,2.610697844768784,-0.6397425909162715,0.2661746976471499,0.24024450258828128,1.5961382777825994,0.13489423135013556,-1.694611875029417,-0.9880849790782076,-0.5208217898756695,0.6135348245457584,1.3498349415714817
20.13,0.9585714285714285,-4.142857142857148,1.6736759900934928,1.1127174177939523,2.6115491355934637,-0.6399990754270403,0.2661154148813047,0.24025993331330117,1.5703803346068579,0.1335472626073475,-1.6736759900934928,-0.9787962411355711,-0.5094359833062279,0.6065943685603647,1.3402745785217052
20.14,0.959047619047619,-4.095238095238097,1.6527121325335403,1.0989175315347912,2.6124007010227803,-0.6402558819199777,0.26605623238845055,0.2402754608480892,1.5446654310104169,0.13228146473660551,-1.6527121325335403,-0.9694869888131619,-0.4980560055919847,0.5996424373635234,1.330734855722615
20.15,0.9595238095238094,-4.047619047619055,1.6317762084344545,1.0851379792248677,2.6132519562657146,-0.6405126683873883,0.26599713114316714,0.2402910136978709,1.5189515018016797,0.130976925555637,-1.6317762084344545,-0.960193197745407,-0.48668175944118763,0.5926871152737379,1.321173983564039
20.16,0.96,-4.0000000000000036,1.6108444805362998,1.071379554094863,2.614103217730806,-0.6407695804983455,0.2659381179636756,0.24030661441603046,1.4932550376635545,0.12968613340247348,-1.6108444805362998,-0.9509054968390718,-0.4753126305230837,0.5857265724625416,1.3116062759100267
20.17,0.9604761904761906,-3.9523809523809406,1.5899510388694416,1.057642574847357,2.6149550190939017,-0.641026591529187,0.2658791505960609,0.24032220836129267,1.467560677230173,0.12841236652552102,-1.5899510388694416,-0.941641686685557,-0.4639267087666932,0.5787547751968436,1.3020031423360612
20.18,0.9609523809523809,-3.904761904761911,1.5690073067048838,1.0439284171596745,2.615804509298928,-0.6412835510682062,0.26582038578591083,0.24033799658866004,1.4419040371584257,0.1270462716280507,-1.5690073067048838,-0.9323252918689962,-0.4526096885727915,0.5717953566796607,1.2924619665985793
20.19,0.9614285714285715,-3.857142857142848,1.5480582031102919,1.0302374152252824,2.616653360579301,-0.6415406147455217,0.2657617462474766,0.2403538922290198,1.4162749483812798,0.12567322616559018,-1.5480582031102919,-0.922976906503381,-0.4413058060521835,0.5648400016532662,1.2829379645347583
20.2,0.9619047619047618,-3.809523809523818,1.527138435043185,1.0165698338032685,2.61750285235159,-0.6417977796192955,0.2657031461870456,0.2403697636402546,1.3906462565955735,0.1243201583636333,-1.527138435043185,-0.91367314820201,-0.4299932450280375,0.5578691036231653,1.2733752499378248
20.21,0.9623809523809524,-3.761904761904755,1.5062199230645557,1.0029267523376748,2.6183529599138433,-0.6420552216652098,0.26564462514316556,0.2403856879665048,1.3650461720638107,0.12304121657287226,-1.5062199230645557,-0.9043626292396412,-0.41866688803038343,0.5508936674818443,1.2638070593385287
20.22,0.9628571428571429,-3.7142857142857144,1.4852857246516749,0.9893090166133827,2.6192006729164956,-0.6423124689509601,0.2655862846217923,0.24040176479914074,1.3394631722327688,0.12162408456137808,-1.4852857246516749,-0.8950141580068793,-0.4074008611909763,0.5439314527313055,1.2542772384517509
20.23,0.9633333333333334,-3.6666666666666625,1.4643565267720704,0.9757172629831848,2.620049550129513,-0.6425700396319353,0.2655279905638827,0.2404178550373513,1.3139045771740188,0.12030730761716235,-1.4643565267720704,-0.8856843053135277,-0.3961153872883205,0.5369526961331195,1.2447280147441786
20.24,0.9638095238095238,-3.6190476190476217,1.4434259209520794,0.9621524022850042,2.6208967522998003,-0.6428274909466014,0.26546984562932135,0.24043406128710307,1.2883600231458958,0.11889168021923524,-1.4434259209520794,-0.876328085986311,-0.3848692526006947,0.5299832550582639,1.2351995951624284
20.25,0.9642857142857143,-3.57142857142857,1.4224887846170042,0.9486153575002917,2.6217445849219585,-0.6430852251344761,0.26541176978038444,0.24045031514442874,1.2628445854186987,0.11755210582697906,-1.4224887846170042,-0.8669758556873686,-0.37361848060407654,0.5229984098539697,1.225668449633699
20.26,0.9647619047619048,-3.523809523809518,1.4015523456498369,0.9351070490297194,2.622590466655614,-0.6433428032168713,0.2653538561658796,0.24046670039844958,1.237343304214189,0.11609662798315323,-1.4015523456498369,-0.8575853483112739,-0.3624083859523841,0.5160289738712853,1.2161628695140925
20.27,0.9652380952380952,-3.476190476190477,1.3806383520257093,0.9216282337432626,2.6234378541876078,-0.643600674807337,0.2652959550748737,0.2404830536958337,1.2118544113365992,0.11473912705242117,-1.3806383520257093,-0.8482382466257432,-0.3511724204538824,0.5090328667562316,1.206618049188668
20.28,0.9657142857142857,-3.4285714285714253,1.3597098804957408,0.9081802526357681,2.6242856139925004,-0.6438587917959698,0.2652381648391268,0.24049946252937862,1.1863940113231886,0.11344015218144321,-1.3597098804957408,-0.8388956729188823,-0.33993314603495417,0.5020516320352275,1.1970684552481847
20.29,0.9661904761904762,-3.3809523809523845,1.3387485547701417,0.8947644646568225,2.6251302096383045,-0.6441167207325551,0.2651805940898709,0.2405161069628188,1.1609683564447026,0.1119898565891786,-1.3387485547701417,-0.8294615486607926,-0.32876606119278673,0.4950864515782527,1.1875954726711546
20.3,0.9666666666666667,-3.3333333333333326,1.3178600669396245,0.881381111893515,2.6259770610603383,-0.6443748481681658,0.2651229639789928,0.24053261385654626,1.1355242837989943,0.11062356298490172,-1.3178600669396245,-0.8201217816219963,-0.3175505440458748,0.4880803141511958,1.1780322768172091
20.31,0.9671428571428571,-3.285714285714292,1.2969094533621939,0.8680325155756236,2.6268218751039263,-0.6446330428058711,0.26506555368154766,0.24054933709817528,1.1101314147343055,0.1092094220054518,-1.2969094533621939,-0.8107094884825972,-0.30639100366729455,0.481101564899733,1.1685403343607348
20.32,0.9676190476190476,-3.23809523809524,1.2759511770240262,0.8547195887013823,2.627665100200092,-0.6448911710507432,0.26500826024572727,0.24056618656131828,1.084759484660669,0.10771573308956395,-1.2759511770240262,-0.8012652472894288,-0.2952789436122538,0.4741005471463611,1.1590836132241211
20.33,0.968095238095238,-3.190476190476199,1.255040525641593,0.841443304047456,2.6285110935138687,-0.6451497128076389,0.2649509897112506,0.2405829388051172,1.0593918510494627,0.10638308598343027,-1.255040525641593,-0.7918836641119475,-0.2840858883761732,0.4671268777465487,1.149539304266245
20.34,0.9685714285714285,-3.1428571428571472,1.2340977899624295,0.8282057236588577,2.6293546606129183,-0.6454081308356653,0.26489387675551773,0.24059987008568384,1.0340538342844763,0.10493553459807181,-1.2340977899624295,-0.7824514212894096,-0.27296634545239673,0.46013548440204666,1.1400576190113032
20.35,0.9690476190476192,-3.0952380952380842,1.213175653534293,0.8150080275753386,2.6301990777626494,-0.6456667473251237,0.26483680210981597,0.24061679650479825,1.0087267904901998,0.1035417680710582,-1.213175653534293,-0.7730492814456924,-0.26183340168642877,0.45312538419473025,1.1305468842933486
20.36,0.9695238095238095,-3.0476190476190546,1.1922362313230517,0.801852188704395,2.6310414610069843,-0.6459252522302671,0.2647799186643365,0.2406338761209185,0.9834231352982448,0.10204546224124034,-1.1922362313230517,-0.7635998983432701,-0.25074313675751414,0.4461472397850441,1.1210721083312558
20.37,0.9700000000000001,-2.9999999999999916,1.1713283550288112,0.7887396090982869,2.6318852366290018,-0.6461840022800547,0.2647230358958295,0.24065091713529,0.9581262570592664,0.10062859832244975,-1.1713283550288112,-0.7541966353720175,-0.23962956263363644,0.4391350433208041,1.1115550205885283
20.38,0.9704761904761904,-2.952380952380962,1.150375611047616,0.7756727418607372,2.632727250665463,-0.6464428213865256,0.26466634683310825,0.24066815349839157,0.9328752767248538,0.09917100346956698,-1.150375611047616,-0.7447230538372929,-0.2285600008548827,0.4321429146535216,1.1020991794392643
20.39,0.970952380952381,-2.904761904761899,1.1294414345930592,0.7626531113005302,2.633569558419002,-0.6467017406183497,0.2646097237048367,0.24068539911870904,0.9076316138234786,0.09772500504949821,-1.1294414345930592,-0.7352756528077209,-0.21748757948064634,0.42514575166949786,1.0926184407342276
20.4,0.9714285714285713,-2.857142857142869,1.1085116185587718,0.7496829958989283,2.6344108993531723,-0.646960639536915,0.2645532132343855,0.24070273095787487,0.8824031806367483,0.09622728913833978,-1.1085116185587718,-0.7258126973650247,-0.2064393491644445,0.41814661627159744,1.0831487516903104
20.41,0.9719047619047619,-2.809523809523806,1.0875439949749044,0.7367649412471676,2.635248970716732,-0.6472192951539777,0.26449690931994596,0.24072027714612232,0.8572041420164211,0.09456176789830462,-1.0875439949749044,-0.7162799313678025,-0.19547630989887876,0.41115482634221934,1.0737546374642637
20.42,0.9723809523809525,-2.7619047619047543,1.0666677951045145,0.7239005082606902,2.6360946085172317,-0.6474789910952438,0.2644404063652882,0.2407375087485899,0.8320045465526116,0.0933477280607331,-1.0666677951045145,-0.7069128031560568,-0.18433675901329272,0.40411926971730683,1.0641804057314852
20.43,0.9728571428571429,-2.7142857142857135,1.054748760488744,0.7110933808442759,2.636933739317471,-0.6477380317680211,0.26438424513249004,0.24075510438467465,0.8068389142524612,0.09177220269342978,-1.0457225640204904,-0.6974065425021325,-0.1733522574980384,0.3971245193461703,1.054748760488744
20.44,0.9733333333333334,-2.6666666666666616,1.0452446750107702,0.6983456441969543,2.6377763196927644,-0.6479976697190396,0.2643280349742802,0.24077260452467428,0.7816908316167659,0.09042612220502289,-1.0248134719930357,-0.6879652334695341,-0.16229316975640007,0.39009577431972087,1.0452446750107702
20.45,0.9738095238095238,-2.619047619047621,1.035808122799442,0.6856606461327496,2.6386150305013802,-0.6482568970210131,0.26427205669927867,0.2407903130167346,0.75655908541572,0.08884886482003473,-1.003879216397363,-0.6784575242419821,-0.15132440860485818,0.383095606695405,1.035808122799442
20.46,0.9742857142857143,-2.571428571428569,1.0264180086140717,0.6730416127297675,2.6394528172496585,-0.6485162880958415,0.2642162159073511,0.24080816956303358,0.731470439729387,0.08727811079844994,-0.9829076701738049,-0.6689054562590946,-0.14038894700267868,0.3760899255381256,1.0264180086140717
20.47,0.9747619047619047,-2.523809523809528,1.016943877626475,0.6604913761578364,2.640292930826007,-0.6487759630801055,0.2641603514142797,0.2408259164688775,0.7063743448500137,0.08581671509806377,-0.9619942865795261,-0.6594317473106126,-0.1293983113295205,0.3690674358568069,1.016943877626475
20.48,0.9752380952380952,-2.4761904761904763,1.007476139661767,0.6480139674102738,2.6411328061992485,-0.6490357815072683,0.26410459873889675,0.2408437420935732,0.6813034893705217,0.08436914467100376,-0.941074865013114,-0.6499447004525094,-0.11841453090948306,0.36205238320803357,1.007476139661767
20.49,0.9757142857142856,-2.4285714285714355,0.9980614643264607,0.6356133862088899,2.6419705821978003,-0.6492955071045928,0.2640490001314002,0.2408617304159955,0.6562609391930208,0.08282517238287213,-0.9201320125762136,-0.6404072103924241,-0.1074879080178226,0.35503176614364307,0.9980614643264607
20.5,0.9761904761904762,-2.3809523809523836,0.9885930541644106,0.6232934794816869,2.6428097777253408,-0.6495554652922426,0.2639934317923657,0.24087967306389535,0.6312221370589288,0.08135592779048295,-0.8992214914988583,-0.6309201554355326,-0.09652917025341212,0.3480079264767788,0.9885930541644106
20.51,0.9766666666666668,-2.3333333333333206,0.9791735232927534,0.6110590717408461,2.6436470076123317,-0.6498153567613592,0.2639380292089713,0.24089777762203005,0.6062129235474556,0.07980126665361187,-0.8782879978619706,-0.6213798693686212,-0.08561878158150904,0.3409924625853433,0.9791735232927534
20.52,0.9771428571428571,-2.285714285714291,0.9697330565360707,0.5989147518967104,2.6444847199209707,-0.6500754066368626,0.26388268240761986,0.24091589685090542,0.5812159295697894,0.07827958913473321,-0.8573707119411744,-0.6118600530716334,-0.07470221788312692,0.33396500547351327,0.9697330565360707
20.53,0.9776190476190477,-2.238095238095228,0.9603213049375503,0.5868658783220372,2.645321341847362,-0.6503355003207236,0.2638274736683244,0.24093413484667917,0.55624701173147,0.07672424263112099,-0.8364349572594909,-0.6023106689178936,-0.06381596433321368,0.32694418616121546,0.9603213049375503
20.54,0.978095238095238,-2.1904761904761982,0.9509032144974672,0.5749178950238099,2.6461580486019085,-0.6505957349938676,0.26377234363475527,0.24095242012740767,0.5312960870553329,0.0751885410897879,-0.8155070016736987,-0.5927629726916961,-0.052930554035268695,0.31991729373936906,0.9509032144974672
20.55,0.9785714285714286,-2.1428571428571352,0.941497935479152,0.5630768185480184,2.646993683921758,-0.6508559238933185,0.26371732428860895,0.24097078794254256,0.5063590631054993,0.07359216051097128,-0.7945803870289869,-0.583205230399364,-0.042075277246078624,0.31288687179586994,0.941497935479152
20.56,0.9790476190476189,-2.0952380952381056,0.9320893701368904,0.5513491422633552,2.647830120627076,-0.6511164652368707,0.2636623986549343,0.2409892153728931,0.48145728392583464,0.07209452033345443,-0.7736409499212171,-0.5736412104901278,-0.031203606326457578,0.30586530348646335,0.9320893701368904
20.57,0.9795238095238096,-2.0476190476190426,0.9226736019303683,0.5397416838237656,2.648666227933879,-0.6513770274968037,0.26360754175509044,0.24100768065446526,0.45656379456218144,0.07057131967675989,-0.7527167975262206,-0.5640887936066652,-0.020346773613866276,0.2988268326072019,0.9226736019303683
20.58,0.9799999999999999,-2.000000000000013,0.9132606759891804,0.5282619379508855,2.649501169764573,-0.6516374796148436,0.26355279936858567,0.24102621437925897,0.43167637022851757,0.06896598158432354,-0.7318049462637366,-0.5545319892982792,-0.009516627095029762,0.2917946115903458,0.9132606759891804
20.59,0.9804761904761905,-1.9523809523809499,0.9038683532655911,0.5169180640503372,2.650335982950319,-0.6518981638651493,0.2634981674644435,0.24104485061253614,0.40682550784658655,0.06740398678057868,-0.7108750776577466,-0.5449467208503256,0.001306622283769876,0.28476251759144144,0.9038683532655911
20.6,0.980952380952381,-1.904761904761898,0.8945157405505499,0.5057187248355197,2.651169199084515,-0.6521588224490585,0.2634436918252702,0.2410636244957176,0.38200305306541615,0.06577757667276529,-0.6899196859559087,-0.5353253627790822,0.012086387854770564,0.2777410132344116,0.8945157405505499
20.61,0.9814285714285714,-1.8571428571428572,0.8850754128890914,0.4946728897205862,2.652005110184805,-0.6524198255134849,0.26338916236871257,0.24108227788252717,0.35717376480803864,0.06428393551476397,-0.6690268951761835,-0.5257872970173882,0.022925210930035966,0.2706843773997214,0.8850754128890914
20.62,0.981904761904762,-1.8095238095238053,0.875700617443731,0.4837910005014198,2.6528386509678645,-0.6526807523533343,0.2633348299917024,0.2411011249977699,0.3323817272890883,0.0626953442595779,-0.6480942830731307,-0.516181507983815,0.03370616000379911,0.26364859336927005,0.875700617443731
20.63,0.9823809523809524,-1.7619047619047645,0.8663066870157277,0.4730836088610247,2.653672359819695,-0.6529417738743453,0.26328056278311324,0.24111999260056557,0.3075987034038441,0.06111364157972421,-0.6271804488263699,-0.506593012139811,0.04448829347052374,0.25660589962999136,0.8663066870157277
20.64,0.9828571428571429,-1.7142857142857126,0.8569357888652984,0.4625624253678755,2.6545052375327924,-0.6532028667857437,0.26322641990798,0.2411389637839324,0.2828426045479393,0.059512348066070864,-0.6062509220177259,-0.4969824789333943,0.055245202023201934,0.24956678388114995,0.8569357888652984
20.65,0.9833333333333333,-1.6666666666666718,0.8475609361566994,0.45223982925734807,2.655338012996234,-0.6534640672096534,0.263172360178337,0.24115798786048884,0.25810329694961887,0.05791663200371833,-0.5853308747509667,-0.4873694224939773,0.06599878321340569,0.2425238693505749,0.8475609361566994
20.66,0.9838095238095238,-1.61904761904762,0.8381927296559288,0.44212919729070954,2.6561702135123415,-0.65372531109037,0.26311840028391187,0.24117707854194476,0.2333811455587531,0.05629780137210716,-0.5644074453698633,-0.47775643657812505,0.076730733195296,0.2354777135767483,0.8381927296559288
20.67,0.9842857142857143,-1.571428571428568,0.8288168658302952,0.43224482343478965,2.6570026945874856,-0.653986740489579,0.2630645163512446,0.24119621776332867,0.20867946622442624,0.05471571371029604,-0.5434940683505585,-0.4681393943443357,0.08747022548118988,0.22842821728688012,0.8288168658302952
20.68,0.9847619047619047,-1.5238095238095273,0.8194780125487577,0.422602090271536,2.6578338940950994,-0.6542482022936499,0.2630107778059098,0.24121548586299277,0.1840084968158351,0.053093651279767506,-0.5225536607731618,-0.4584903573815913,0.0981720292286381,0.2213863763500301,0.8194780125487577
20.69,0.9852380952380952,-1.4761904761904754,0.8101052955428178,0.4132171609725891,2.658665580235387,-0.6545097574629798,0.26295708131558715,0.24123474471486772,0.15933943820185537,0.05148405106625287,-0.5016453819666977,-0.4488725672156968,0.10888337124472791,0.2143325489224468,0.8101052955428178
20.7,0.9857142857142857,-1.4285714285714346,0.8007908086585358,0.4041075935762797,2.659495433880255,-0.6547713201307637,0.2629035592966042,0.2412541777771935,0.13470924103720083,0.04981659853522391,-0.48069951194196214,-0.43919512184137366,0.11954793483999193,0.20729291691865548,0.8007908086585358
20.71,0.9861904761904763,-1.3809523809523716,0.7913959478681232,0.3952915321170019,2.660327440294312,-0.6550331440671646,0.2628500065389121,0.241273508934971,0.11007057872813863,0.04824436756529771,-0.45981228189210244,-0.4295946871848755,0.13025946306417513,0.20022665253252026,0.7913959478681232
20.72,0.9866666666666666,-1.333333333333342,0.7820230956613994,0.38678863185837237,2.6611589452354467,-0.6552951109427241,0.2627965671808375,0.24129294035926047,0.08546266163165228,0.04668077454725861,-0.4389082063376515,-0.41997156580076966,0.14095293691156474,0.19315997684583586,0.7820230956613994
20.73,0.9871428571428572,-1.285714285714279,0.7727099780991065,0.37861937984570065,2.6619879541188123,-0.6555569325169273,0.26274331909679854,0.2413125512511184,0.060884717479603445,0.045000418390683805,-0.4179746102200288,-0.41028588527793897,0.15158902900460625,0.18611617519690427,0.7727099780991065
20.74,0.9876190476190475,-1.2380952380952492,0.7633705219705744,0.37080503378332896,2.6628177288740145,-0.6558189556466676,0.26269011541457676,0.24133216603085006,0.03631909752275231,0.04337063279369335,-0.3970590317871059,-0.400625778843533,0.1622372967073682,0.17905903849109173,0.7633705219705744
20.75,0.9880952380952381,-1.1904761904761862,0.7540368297424216,0.36336786561729684,2.6636468256874175,-0.6560809914502512,0.2626370117664364,0.24135184791124686,0.011768260546829445,0.04170665914362548,-0.37614645974602956,-0.39096137234054806,0.17286584234719182,0.1720011891510831,0.7540368297424216
20.76,0.9885714285714287,-1.1428571428571344,0.7447159650971757,0.35633082824746126,2.6644756133913887,-0.656343169352069,0.26258400947230026,0.24137161296960893,-0.012756064971031211,0.04005489985166033,-0.35522619984773574,-0.38128072775948096,0.18348315816263394,0.16494216411204743,0.7447159650971757
20.77,0.9890476190476191,-1.0952380952380936,0.7353841280439255,0.3497173371719072,2.665304202479894,-0.6566053944521756,0.2625310864464014,0.24139141441568215,-0.03727071781991498,0.03838848451036547,-0.334320756363915,-0.37160959735037524,0.19409388200013478,0.15788102322000785,0.7353841280439255
20.78,0.9895238095238096,-1.0476190476190417,0.7260685022573155,0.34355118664757656,2.666132321615917,-0.6568677399172006,0.2624782718991425,0.2414113042456093,-0.06175868379159066,0.036724659454945296,-0.3134038619842294,-0.36192186721135666,0.20468833403344266,0.1508207099870651,0.7260685022573155
20.79,0.99,-1.0000000000000009,0.7167452508333172,0.3378561174270568,2.666960765827753,-0.6571302743478278,0.26242552453540574,0.2414312349266195,-0.08622681911526486,0.035099008665540055,-0.29249251629122064,-0.35224003721866515,0.21528464987810025,0.1437502586596917,0.7167452508333172
20.8,0.9904761904761905,-0.952380952380949,0.7074431379884283,0.3326556189483296,2.6677879017846444,-0.6573927494790862,0.26237290770966853,0.2414512651200864,-0.11067734621198477,0.03340580240027702,-0.2715763070826327,-0.342536434339169,0.22584970738064314,0.13668986757426893,0.7074431379884283
20.81,0.9909523809523809,-0.9047619047619082,0.6981279326740752,0.3279724426477112,2.6686153107353743,-0.6576553749279852,0.26232035663248904,0.2414713269322133,-0.13511278638695945,0.03173802753340116,-0.2506721370485465,-0.33284306991585577,0.23641747277307612,0.12962188558072185,0.6981279326740752
20.82,0.9914285714285714,-0.8571428571428563,0.6888248330282787,0.3238283061554736,2.6694422443280272,-0.6579180932005941,0.2622679055524623,0.24149146652093714,-0.1595256074006457,0.030064400958407234,-0.22976156303515793,-0.32313936231698204,0.24696807507418317,0.12255126038462905,0.6888248330282787
20.83,0.9919047619047618,-0.8095238095238155,0.679529830362724,0.3202433716628046,2.6702686074886874,-0.6581808682552414,0.26221556131607915,0.24151168033240106,-0.18391919132760837,0.02837225951179967,-0.2088492878134951,-0.31342585086192587,0.2575032190607063,0.11548583645268895,0.679529830362724
20.84,0.9923809523809524,-0.7619047619047636,0.6702384322164079,0.31723582850204607,2.67109500414761,-0.6584438183976963,0.2621632993854335,0.2415319576312866,-0.20828877170964155,0.026708586390400413,-0.1879358256442698,-0.3037054654330018,0.2680344274738955,0.10841374712062812,0.6702384322164079
20.85,0.9928571428571429,-0.7142857142857117,0.6609469285717928,0.3148214415030882,2.671920715931827,-0.6587067513181273,0.26211113564811456,0.24155229249713703,-0.23264781119832767,0.02500188781009438,-0.16703269084760164,-0.29398345950385485,0.27854936670062,0.1013454261902691,0.6609469285717928
20.86,0.9933333333333333,-0.666666666666671,0.6516512391462781,0.31301316048082883,2.672746679215446,-0.6589698689885771,0.262059039435932,0.24157267172393226,-0.2569861620698499,0.0233304906958276,-0.14613147001143467,-0.2842676375396369,0.28906191887241306,0.09426475717217997,0.6516512391462781
20.87,0.9938095238095238,-0.6190476190476191,0.6423705744232677,0.3118207660199797,2.673571952901788,-0.6592330517927941,0.2620070610520042,0.24159313927474535,-0.281301401214884,0.0216410145454482,-0.12522212664283217,-0.27453453983827814,0.2995565517068366,0.08719312984666328,0.6423705744232677
20.88,0.9942857142857142,-0.5714285714285783,0.6330820718231989,0.3112505331119765,2.6743971015777124,-0.6594963056844472,0.2619551518843269,0.2416136455643482,-0.3056049375646519,0.01994550523423122,-0.10432712742457495,-0.26480834484450266,0.3100445972036514,0.08011172548014756,0.6330820718231989
20.89,0.9947619047619047,-0.5238095238095264,0.6238138960530382,0.31130512320996284,2.675221478744916,-0.6597596267438888,0.26190336203309933,0.2416342478899895,-0.32988323722670243,0.01823115310148893,-0.08342010281695567,-0.2550614872984358,0.32051116469873353,0.07303679585333178,0.6238138960530382
20.9,0.9952380952380951,-0.4761904761904856,0.6145490567354139,0.31198341649739036,2.676045624010811,-0.6600230552039185,0.2618516593940478,0.24165491157682745,-0.35414200853332023,0.016519877785747816,-0.06251416453751935,-0.2453108425085282,0.33096776970298336,0.06595800693620646,0.6145490567354139
20.91,0.9957142857142858,-0.4285714285714226,0.6052779851455137,0.313280579311005,2.676869692818174,-0.660286585282107,0.26180003751701447,0.2416756205593653,-0.37838553118677565,0.014812696814847648,-0.04161664330935011,-0.23556403583705476,0.3414200332005901,0.0588777127864315,0.6052779851455137
20.92,0.9961904761904763,-0.3809523809523707,0.5960175298640902,0.3151882125764911,2.6776933635131552,-0.6605502182557946,0.2617485118048425,0.24169640431441883,-0.4026065844105142,0.013104230980554021,-0.02071458352288502,-0.22580686702682318,0.35185797210797176,0.051794972165541964,0.5960175298640902
20.93,0.9966666666666667,-0.33333333333332993,0.5867632458395944,0.3176945476624123,2.6785164445955263,-0.6608138870603698,0.2616970858602163,0.24171725613437114,-0.4268110652508317,0.01137081884101665,0.00018486179469423547,-0.21604226532790927,0.36228025267444064,0.04471482563241924,0.5867632458395944
20.94,0.9971428571428572,-0.28571428571427804,0.5775077260174344,0.3207847936986701,2.6793394713082908,-0.6610776816830808,0.26164573735287894,0.24173815939872764,-0.45099714588429096,0.009649200295314131,0.021080456612510012,-0.2062790598861053,0.37269586150052714,0.03762764180808009,0.5775077260174344
20.95,0.9976190476190476,-0.23809523809523725,0.5682557501647478,0.3244415207735128,2.6801621838669427,-0.6613415677728596,0.261594481477905,0.241759125979784,-0.4751643120647797,0.007924355253607906,0.04197453238896642,-0.19651045962734148,0.3831013103040126,0.03054096073233925,0.5682557501647478
20.96,0.9980952380952381,-0.19047619047618536,0.5590190289506802,0.32864508928602704,2.6809841978337614,-0.6616055093289446,0.2615433361790976,0.24178017699372298,-0.4993095362543998,0.006178670533740771,0.06287562041662476,-0.18672706619126123,0.39348702838253313,0.02345883401082549,0.5590190289506802
20.97,0.9985714285714286,-0.14285714285714457,0.5497706808474723,0.333374069704373,2.6818064852910664,-0.661869603389335,0.26149225056540554,0.24180125981076386,-0.5234395696706917,0.004458547033237004,0.08376459712799988,-0.17695384976955664,0.403874041016139,0.016365069924217934,0.5497706808474723
20.98,0.9990476190476191,-0.09523809523809268,0.5475486935108465,0.3386057477537984,2.68262815933488,-0.6621337584674439,0.2614412739844293,0.24182242165246925,-0.5475486935108465,0.0027207662072425975,0.10465818796954185,-0.16716794312321426,0.41424454984428927,0.009277899209436669,0.5405339106315354
20.99,0.9995238095238095,-0.04761904761905189,0.5716406293012732,0.3443164962367814,2.6834495833274135,-0.6623980028807916,0.2613903792354515,0.24184363953572505,-0.5716406293012732,0.0009802792617863432,0.12554730391856062,-0.15738072859623475,0.42460469134748546,0.002185040861579779,0.5312986349290449
21.0,1.0,0.0,0.5957124147949688,0.3504822139011199,2.684270573214709,-0.6626623294011261,0.2613395807102711,0.241864927584543,-0.5957124147949688,-0.0007683036500227836,0.14643813815220508,-0.1475852058218985,0.43495095277803486,-0.004907631899353504,0.522071515158129
21.01,1.0004761904761905,0.04761904761905189,0.6197646599256368,0.35707865310541265,2.685091468237867,-0.6629267837694152,0.26128886631207776,0.24188627201337562,-0.6197646599256368,-0.002505300749156003,0.1673266239014426,-0.1377875739317469,0.44529135376927265,-0.012002341012551376,0.5128445970981277
21.02,1.000952380952381,0.09523809523810378,0.6437978026356705,0.36408173906448105,2.6859116816127893,-0.6631912768392974,0.2612382547070216,0.24190769312980337,-0.6437978026356705,-0.004267733497254067,0.18821729027591605,-0.12797844601480923,0.455612647684811,-0.019095298891846912,0.5036298428811481
21.03,1.0014285714285716,0.14285714285715567,0.6678160728083249,0.37146780718107597,2.6867318919427623,-0.6634558801061484,0.2611877179841654,0.24192915482800104,-0.6678160728083249,-0.0060223189146557665,0.20909939634821129,-0.11817635592190623,0.46592990100779996,-0.02619194022129845,0.494407572696165
21.04,1.0019047619047619,0.19047619047618536,0.6918112524606834,0.3792138670368802,2.68755148291952,-0.6637205577820136,0.2611372853778307,0.24195070144714959,-0.6918112524606834,-0.007790433783561035,0.22998755322032327,-0.10835720366665358,0.4762294144762258,-0.03328758868251791,0.4852015269826593
21.05,1.0023809523809524,0.23809523809523725,0.715790508684333,0.3872976707849066,2.6883713097318807,-0.663985388055607,0.26108691734298745,0.2419722822032825,-0.715790508684333,-0.00953390382169017,0.25086668157627834,-0.09854840768008799,0.4865288207396512,-0.04039171318497292,0.47598507165407256
21.06,1.002857142857143,0.28571428571428914,0.7397501033797105,0.3956979229096637,2.68919032549711,-0.6642502414472696,0.2610366609486973,0.24199394613164893,-0.7397501033797105,-0.011309587321661763,0.27174949076065325,-0.08872401057744561,0.4968079521271651,-0.047488822318153545,0.46678339283430237
21.07,1.0033333333333334,0.33333333333334103,0.7636876408693372,0.4043943169780195,2.6900084324609055,-0.6645151193039268,0.2609865153786963,0.24201570179137025,-0.7636876408693372,-0.013118650820143074,0.292640503416286,-0.07888054281547374,0.5070617517829668,-0.054584378149447055,0.45760327214645624
21.08,1.0038095238095237,0.3809523809523707,0.7876120533381159,0.41336753546378113,2.6908276872173538,-0.6647802662166381,0.26093640229328957,0.24203745223558154,-0.7876120533381159,-0.014852632220985207,0.31351014962768264,-0.06906565822714095,0.517337362598469,-0.06169321786521076,0.4483893502789771
21.09,1.0042857142857142,0.4285714285714226,0.8115155606439828,0.4225994116487114,2.6916457891757055,-0.6650453937626327,0.2608864094869511,0.24205930049042162,-0.8115155606439828,-0.01663729767643618,0.3343885659288448,-0.05922870051704443,0.5275833153443266,-0.06879607972899437,0.4392000990834255
21.1,1.0047619047619047,0.4761904761904745,0.8353995077488463,0.4320727992376585,2.692463522685833,-0.6653106090134635,0.2608365079495734,0.24208121503019048,-0.8353995077488463,-0.018427123584285887,0.3552666798787518,-0.049384430506405064,0.5378173298059563,-0.07589966198103815,0.4300173900203319
21.11,1.0052380952380953,0.5238095238095264,0.8592639698545179,0.4417716143706038,2.6932811835041486,-0.6655759554350009,0.2607866892301702,0.242103184225836,-0.8592639698545179,-0.020204083357100444,0.3761431369830426,-0.03953956610366349,0.5480453723329504,-0.08300502969021961,0.42083457331150154
21.12,1.0057142857142858,0.5714285714285783,0.883111548694715,0.45168079089511226,2.6940984536931816,-0.6658413683207735,0.2607369586003872,0.24212521329335882,-0.883111548694715,-0.021992958280647734,0.3970163849809749,-0.02969140487196764,0.5582607435313802,-0.09011177187764341,0.4116555377105424
21.13,1.006190476190476,0.619047619047608,0.9069410901188291,0.4617862680010255,2.6949154777604365,-0.6661068769214632,0.2606873109538444,0.24214729955660036,-0.9069410901188291,-0.02378254349990616,0.41788709479448904,-0.019841523799613014,0.5684656716691716,-0.0972224008805922,0.4024790997271932
21.14,1.0066666666666666,0.6666666666666599,0.9307531613853781,0.47207492328782835,2.695732246184725,-0.666372476024623,0.2606377495430493,0.2421694436098142,-0.9307531613853781,-0.02557455472600445,0.43875261231960394,-0.00998736079966811,0.5786629543994781,-0.10433283071037414,0.3933037891385771
21.15,1.0071428571428571,0.7142857142857117,0.9545385448323396,0.48253459135450355,2.6965487290301,-0.6666382233030798,0.26058828398723893,0.24219166703345385,-0.9545385448323396,-0.027352227117594108,0.4596292678654246,-0.0001209714543648488,0.5888468031427729,-0.111445211562744,0.384142908059415
21.16,1.0076190476190476,0.7619047619047636,0.9783149948416336,0.49315380852633156,2.697364841398235,-0.6669039864293811,0.2605388980402028,0.24221393056318574,-0.9783149948416336,-0.02915660782188967,0.48049036547685997,0.009739754788506971,0.5990214676599104,-0.11855729888390343,0.3749746780264074
21.17,1.0080952380952382,0.8095238095238155,1.002064310568429,0.5039221106244451,2.6981803583145045,-0.6671698543902747,0.26048961957686206,0.2422362860434134,-1.002064310568429,-0.03096471562201719,0.5013652326188112,0.019619681487159646,0.6091767417496952,-0.12566774017768179,0.36582789247694425
21.18,1.0085714285714285,0.8571428571428452,1.0258012524091642,0.5148295869701945,2.698995893114741,-0.6674358194409917,0.26044041003679136,0.2422586764181982,-1.0258012524091642,-0.03276876490293512,0.5222257601283031,0.02949192049319649,0.6193304578405279,-0.13278203483710893,0.3566703257090964
21.19,1.0090476190476192,0.9047619047619193,1.0495167403718253,0.5258671756860468,2.6998110825958492,-0.6677018885075915,0.26039129023100904,0.2422811351147671,-1.0495167403718253,-0.034572665015975,0.5430904600506992,0.039370686086481754,0.6294700600426584,-0.13989938692501314,0.3475221634486436
21.2,1.0095238095238095,0.952380952380949,1.073212326249573,0.5370264009226645,2.700625570848039,-0.6679679976257188,0.2603422770167229,0.2423036724882161,-1.073212326249573,-0.036401344297831706,0.5639585442182682,0.04926326036185369,0.6395917955234864,-0.14701007595461224,0.33838734637030576
21.21,1.01,1.0000000000000009,1.096894178258634,0.5482993465556047,2.701440392817911,-0.6682342606103002,0.26029331670759037,0.24232623583981305,-1.096894178258634,-0.038203891346433316,0.5848123810434203,0.05914242810103332,0.6497156049543706,-0.15413360736820092,0.3292384460486186
21.22,1.0104761904761905,1.0476190476190528,1.1205566237882825,0.5596787529221329,2.702254770661766,-0.6685005989635499,0.260244454043998,0.2423488675399312,-1.1205566237882825,-0.04001646079295762,0.6056667572586161,0.06903034057137436,0.65982734422938,-0.16125212976988434,0.3200967021720791
21.23,1.010952380952381,1.0952380952381047,1.1441912576443114,0.5711579028694547,2.7030684068882502,-0.6687670247029833,0.2601957030475587,0.2423715970801183,-1.1441912576443114,-0.041840243574498004,0.6265379718237485,0.07893971774406427,0.6699154898776705,-0.16836863070389674,0.3109809342418224
21.24,1.0114285714285713,1.1428571428571344,1.1678172434283485,0.5827303478348261,2.703881922335999,-0.669033501560908,0.26014702011226054,0.24239435720091912,-1.1678172434283485,-0.04367600116006454,0.6473904276109055,0.08883945642983448,0.6799999035807192,-0.1754883028895704,0.30185273360718856
21.25,1.0119047619047619,1.1904761904761862,1.1914246209921542,0.5943903019590403,2.704695341032898,-0.6693001007078514,0.26009841513379695,0.24241716985070622,-1.1914246209921542,-0.04550211776926938,0.6682407552557557,0.09873814501364375,0.6900764927899372,-0.18261253651632448,0.2927249810884325
21.26,1.0123809523809524,1.2380952380952381,1.2150170850407704,0.6061322888289257,2.7055084733769665,-0.6695667684843165,0.26004989179409055,0.24244003432855768,-1.2150170850407704,-0.04733767544982115,0.6890828707270646,0.10863789498292142,0.700144602496211,-0.1897375210063612,0.28359637203425603
21.27,1.012857142857143,1.28571428571429,1.2385788791573926,0.6179513644004856,2.706321462211949,-0.6698336335219109,0.26000146621931164,0.2424629842087261,-1.2385788791573926,-0.049142033690197096,0.7099392091741263,0.11855508461129372,0.7102039333662047,-0.19686180798136332,0.2744839790597364
21.28,1.0133333333333334,1.333333333333342,1.262122533548904,0.6298427368422312,2.707133267696891,-0.6701004531737471,0.25995315473031944,0.24248602299309557,-1.262122533548904,-0.05100407990658029,0.7308021984497648,0.12848930958195837,0.7202322378247805,-0.20398091771227644,0.2653947231628262
21.29,1.0138095238095237,1.3809523809523716,1.2856595959591766,0.6418018861782784,2.707945708601428,-0.6703674246577291,0.2599048814005488,0.2425090602351344,-1.2856595959591766,-0.05283608796166073,0.7516378911390564,0.13839687404577639,0.7302721703205783,-0.2111114142876791,0.25627464313131565
21.3,1.0142857142857142,1.4285714285714235,1.3091727450916801,0.6538248836125168,2.7087574947251647,-0.6706344700269451,0.2598567133270822,0.24253218318600397,-1.3091727450916801,-0.05468178487078035,0.7724830642790614,0.14832124981816186,0.7402928267570719,-0.21823851064787236,0.24717338106183817
21.31,1.0147619047619048,1.4761904761904754,1.3326606678665587,0.665907923105472,2.709568962821261,-0.6709016493757191,0.25980864226299005,0.24255538364835738,-1.3326606678665587,-0.05651792400198641,0.7933366411841725,0.1582586390858065,0.7503017807280576,-0.2253634956849937,0.23808509514191556
21.32,1.0152380952380953,1.5238095238095273,1.3561413325103522,0.6780472803979939,2.710380334276783,-0.6711688740964206,0.25976063102813335,0.24257860933046976,-1.3561413325103522,-0.05836740520828165,0.8141699820373383,0.16818265169926683,0.7603055197222597,-0.23249663043193314,0.22898341203347883
21.33,1.0157142857142856,1.571428571428557,1.3795998214164995,0.690239765789068,2.711191547488114,-0.6714362364676071,0.25971270751009295,0.24260189915300628,-1.3795998214164995,-0.06020376247405368,0.8350063800067753,0.17811252392947452,0.7703012060270353,-0.239629395377694,0.21988737730718189
21.34,1.016190476190476,1.6190476190476089,1.4030414623068754,0.7024822269792624,2.712002430286314,-0.6717036739781114,0.25966486827242413,0.24262524615612072,-1.4030414623068754,-0.06204829344984564,0.8558387613315732,0.1880453376455371,0.780286118620932,-0.2467628484383977,0.21079434098243421
21.35,1.0166666666666668,1.666666666666683,1.4264628507593802,0.7147718109217709,2.712812065527187,-0.6719710696078891,0.25961714587165546,0.24264868993626396,-1.4264628507593802,-0.063950000967683,0.8766796965373969,0.19800121114397218,0.7902395285138919,-0.25389057768723244,0.20172906780822064
21.36,1.0171428571428571,1.7142857142857126,1.4498668269265935,0.7271057218086106,2.713623090137805,-0.6722388071411396,0.2595694532320114,0.24267213308048524,-1.4498668269265935,-0.06575387968020818,0.8975038986624106,0.20792984177899765,0.8002184769369647,-0.2610320703188007,0.1926299730308223
21.37,1.0176190476190476,1.7619047619047645,1.4732431830245196,0.7394815698317012,2.714433000620478,-0.6725065735708466,0.25952188361757883,0.24269568621719181,-1.4732431830245196,-0.06759181943339909,0.9183471268008558,0.2178875306936945,0.8101670993007737,-0.2681669668830655,0.18356508984795905
21.38,1.018095238095238,1.8095238095237942,1.4966095958480197,0.7518967837044368,2.715242129942309,-0.672774298783995,0.25947440322623283,0.24271929551558433,-1.4966095958480197,-0.0694793741316646,0.9391785734876423,0.22784932092321242,0.8200978106699619,-0.2752996309495881,0.17450425722984608
21.39,1.0185714285714287,1.8571428571428683,1.519955247811966,0.7643492368304454,2.7160508980526874,-0.6730421209660458,0.25942701391725553,0.24274297120043287,-1.519955247811966,-0.07136897814088439,0.9600139803946028,0.23781702457157383,0.8300151159806868,-0.28243143592775466,0.16545215630257015
21.4,1.019047619047619,1.904761904761898,1.5432848680978828,0.7768367569670936,2.7168600987248026,-0.6733101297902125,0.25937968016583185,0.24276667647618624,-1.5432848680978828,-0.07322190801001272,0.9808369570815101,0.24777433584157738,0.8399381050685273,-0.2895719791832785,0.1563860209886192
21.41,1.0195238095238095,1.9523809523809499,1.5665937703912447,0.7893574332139713,2.7176696140774106,-0.6735783395797194,0.2593324137517417,0.24279042539266882,-1.5665937703912447,-0.07503587107619003,1.001657959998492,0.2577259045475344,0.8498617172900014,-0.2967186524661547,0.14731418897919735
21.42,1.02,2.0000000000000018,1.5898972625394858,0.8019092955238464,2.718477139343177,-0.6738462905473317,0.2592852695849074,0.242814259201463,-1.5898972625394858,-0.0769821670063009,1.0224711552198062,0.26769624378706336,0.8597422342013772,-0.30385362395846105,0.13826710385638208
21.43,1.0204761904761905,2.0476190476190537,1.6131639209999937,0.8144908788289033,2.7192857665861765,-0.6741146743056952,0.25923819047808966,0.24283815206823764,-1.6131639209999937,-0.07880884476325623,1.043297210820171,0.277670707608757,0.8696398096549318,-0.31099594343918513,0.12921727631385327
21.44,1.020952380952381,2.0952380952381056,1.636420553160567,0.8271003161906969,2.72009318337306,-0.6743829506217913,0.2591912096426469,0.24286211113414014,-1.636420553160567,-0.08071099539819215,1.0641205093359085,0.2876491319391494,0.8795044229592985,-0.3181378276315705,0.1201825729670869
21.45,1.0214285714285714,2.1428571428571352,1.6596477159359302,0.8397362335147696,2.7209007678292583,-0.6746514655889333,0.2591443185589,0.24288614556109936,-1.6596477159359302,-0.08256531007744261,1.0849496459894414,0.29764475389835177,0.8893725191867929,-0.3252752745902421,0.11115487260224821
21.46,1.0219047619047619,2.190476190476187,1.682861970697902,0.8523970137554594,2.72170837632893,-0.6749200835183089,0.2590974856835691,0.24291021089472967,-1.682861970697902,-0.08441419585001331,1.1057711774429047,0.3076243925780098,0.8992309985879743,-0.3324258888183107,0.1021199803256767
21.47,1.0223809523809524,2.238095238095239,1.7060747096302675,0.8650811547353786,2.7225148832800756,-0.6751885517253752,0.259050746580657,0.24293432296421152,-1.7060747096302675,-0.0863491908029479,1.1265697411716458,0.3176059907009199,0.9090698283440668,-0.3395662078170547,0.0930839567611974
21.48,1.022857142857143,2.285714285714291,1.7292565277403082,0.8777876744234824,2.7233222529919185,-0.6754573767178293,0.25900406664909237,0.24295848626294225,-1.7292565277403082,-0.08819120638079436,1.1473760974559655,0.3275857372404989,0.9189184268949324,-0.34671852631120714,0.0840443093967469
21.49,1.0233333333333332,2.3333333333333206,1.7524199568780596,0.8905152592315543,2.7241284527165313,-0.6757261572566278,0.25895749758639725,0.24298273755487526,-1.7524199568780596,-0.09008913663535179,1.168188177771201,0.33758442828606405,0.9287376561418315,-0.3538649455190557,0.07502887548695991
21.5,1.0238095238095237,2.3809523809523725,1.7755617261537404,0.9032627867788684,2.72493398900036,-0.6759949942047213,0.25891103308241004,0.24300706815073947,-1.7755617261537404,-0.09200552962868036,1.1890071538096958,0.34759733043496777,0.9385390623311674,-0.36100387671627043,0.0660294368489911
21.51,1.0242857142857145,2.4285714285714466,1.7986956436404689,0.9160289327227872,2.7257403441812014,-0.6762640229235621,0.2588645961719524,0.24303139588738526,-1.7986956436404689,-0.0938785892592442,1.20979755601196,0.35758376655865565,0.948355142168178,-0.3681593659630389,0.05699789524460375
21.52,1.0247619047619048,2.4761904761904763,1.8217990691664965,0.9288130089550656,2.726546470536485,-0.6765332368375471,0.2588182563397002,0.24305580860400766,-1.8217990691664965,-0.09572578775708385,1.2306066720771058,0.36758405826617935,0.9581571446168669,-0.37531508012256243,0.04798562255130534
21.53,1.0252380952380953,2.523809523809528,1.8448888675229314,0.941613830796017,2.727351473309729,-0.6768023801289766,0.2587720267851404,0.24308029826100916,-1.8448888675229314,-0.09763568607622508,1.2514111707950804,0.37760152993036034,0.967936816321191,-0.38245779574402894,0.0389885112178634
21.54,1.0257142857142856,2.571428571428558,1.867964320268789,0.9544304561481499,2.728156731625813,-0.6770716726501933,0.2587258478947418,0.24310481517354499,-1.867964320268789,-0.09952321963304644,1.272207548296156,0.3876017032087953,0.977711632534839,-0.3896162836303785,0.029981413956492453
21.55,1.0261904761904763,2.619047619047632,1.8910133583313504,0.9672622050330159,2.728960798309561,-0.6773409718503643,0.25867979824821774,0.24312944264128145,-1.8910133583313504,-0.10145146062662258,1.2930192025136344,0.39763568782646974,0.9874600540973999,-0.39675913725500944,0.02100768932635777
21.56,1.0266666666666666,2.6666666666666616,1.9140444769165432,0.9801081529316723,2.7297632851889566,-0.677610157871053,0.2586338692348792,0.24315417004394504,-1.9140444769165432,-0.10346115898464125,1.313838245362109,0.40769646063754106,0.9971712089373197,-0.40389365869605287,0.012067419268824153
21.57,1.0271428571428571,2.7142857142857135,1.9370841336241118,0.992966911219356,2.7305703456743564,-0.6778800109565132,0.2585878267575605,0.24317872942731214,-1.9370841336241118,-0.10523377751878726,1.3345770380730038,0.4176400606413111,1.0069754070433312,-0.41107957225564595,0.002990459204310625
21.58,1.0276190476190474,2.761904761904743,1.9600770667448364,1.0058388074852307,2.7313739527029535,-0.678149657088647,0.25854201244804104,0.24320352240256274,-1.9600770667448364,-0.10714257318132914,1.3553813657708025,0.4276803698557652,1.0167010854590597,-0.418227627816381,-0.005976341270641505
21.59,1.0280952380952382,2.8095238095238173,1.9830570476727538,1.018722537938659,2.732177262134971,-0.6784193564609221,0.25849627178804047,0.24322836024808622,-1.9830570476727538,-0.10906532193093454,1.3761765503187195,0.4377171178268968,1.026416205669367,-0.4253786837556506,-0.01494461831554883
21.6,1.0285714285714287,2.857142857142869,2.006014326286909,1.031617434510823,2.732983632598689,-0.6786897045423591,0.2584505045516943,0.24325316032422234,-2.006014326286909,-0.11077909924087637,1.3969469188416461,0.4477063747600374,1.0361886879383553,-0.43256530296914564,-0.023975024583122728
21.61,1.029047619047619,2.904761904761899,2.028973923513433,1.0445227941722717,2.7337852878440594,-0.6789593058851735,0.25840493697908484,0.24327810603070785,-2.028973923513433,-0.11280509338675859,1.4177274720829303,0.4577433595497338,1.0458589033798926,-0.43971528368577095,-0.03292957075755609
21.62,1.0295238095238095,2.9523809523809508,2.051902334783273,1.057438268251352,2.734587694974358,-0.6792292518178941,0.2583594385241318,0.2433031130383664,-2.051902334783273,-0.11474439432617167,1.438511194443759,0.46779013300899397,1.0555438329814537,-0.4468680185906737,-0.04188670616895873
21.63,1.03,3.0000000000000027,2.0747946568743014,1.0703634585541748,2.7353889514999956,-0.6794992771283486,0.25831407918055954,0.2433282498350274,-2.0747946568743014,-0.11670193144915908,1.4593282928708096,0.47787668554943874,1.0651979652794852,-0.4540055094415685,-0.050797874507368945
21.64,1.0304761904761905,3.0476190476190546,2.0976950203232536,1.0832969874399365,2.7361922087268593,-0.679769572236732,0.25826867917834473,0.24335330381115924,-2.0976950203232536,-0.11857746169945393,1.480086756016652,0.4878908955202821,1.0748881382943054,-0.4611814615350207,-0.05978584018125899
21.65,1.0309523809523808,3.0952380952380842,2.1205693313184226,1.0962389909965182,2.7369938350668543,-0.6800398012995826,0.2582234231125801,0.24337848204785523,-2.1205693313184226,-0.1205207162585431,1.5008620456996358,0.4979487290428519,1.0845453217717127,-0.4683349040642937,-0.06873129834951142
21.66,1.0314285714285714,3.142857142857136,2.1434314447102754,1.10918869351088,2.737795721512811,-0.6803101664431304,0.25817821993778056,0.24340368270760607,-2.1434314447102754,-0.12244579157112412,1.5216259961326584,0.5079874628010739,1.094200102698606,-0.4754985751876495,-0.07769092881058093
21.67,1.0319047619047619,3.190476190476188,2.1662594634603183,1.122145960075984,2.7385978565138123,-0.6805808185948705,0.2581330983682523,0.2434289633965677,-2.1662594634603183,-0.12430869472518369,1.542408023433195,0.5180390020861569,1.1038506906272172,-0.482668766030514,-0.08663585894523873
21.68,1.0323809523809524,3.23809523809524,2.189088254811822,1.135109731817138,2.739400706950828,-0.6808515892187246,0.25808799811321803,0.24345422307709289,-2.189088254811822,-0.1261525275132458,1.5631511006289678,0.528053512372173,1.113514576341701,-0.4898536828916167,-0.09562247442268523
21.69,1.032857142857143,3.285714285714292,2.211899226169489,1.1480799559011297,2.7402022234673464,-0.6811222830354239,0.2580430174655058,0.2434795753887232,-2.211899226169489,-0.12806289306525054,1.583897693282732,0.538093933991135,1.123150875911172,-0.4970234964217113,-0.10458285731630435
21.7,1.0333333333333332,3.3333333333333215,2.234672786267178,1.1610566295293177,2.7410012824737393,-0.6813928577562438,0.257998217309551,0.24350509955723346,-2.234672786267178,-0.13006735574159212,1.6046932341766462,0.5481948744900711,1.132726804277051,-0.504167713989756,-0.1134654437187188
21.71,1.033809523809524,3.3809523809523956,2.2574383678791166,1.1740386796367255,2.7418008969278103,-0.6816635861783644,0.2579534541170471,0.24353063317144608,-2.2574383678791166,-0.13204446618486632,1.625458928583745,0.5582795430406406,1.1423154390440171,-0.511322900002964,-0.12237473645810848
21.72,1.0342857142857143,3.4285714285714253,2.2801931527266617,1.1870257823766102,2.742601514368951,-0.6819345595578702,0.257908712878653,0.24355616165331467,-2.2801931527266617,-0.1339615746214884,1.646205633932385,0.5683290894251236,1.1519149066336665,-0.5185000832719555,-0.13131529772122397
21.73,1.0347619047619048,3.476190476190477,2.302911225468607,1.2000181109992112,2.7434010126832624,-0.6822056214672108,0.25786411154163763,0.24358182140521722,-2.302911225468607,-0.13589347379647787,1.666984706490604,0.5784214992593295,1.1614865440341404,-0.5256594737457099,-0.1402098487376935
21.74,1.035238095238095,3.523809523809507,2.3256393342629966,1.2130144103797333,2.7442010151181893,-0.6824767036271051,0.25781952150020226,0.24360744211704238,-2.3256393342629966,-0.13783806588670844,1.6877142803282341,0.5884664433742692,1.1710661930319555,-0.532837081121329,-0.1491524138656608
21.75,1.0357142857142858,3.571428571428581,2.3483261369102615,1.2260150672947159,2.745005135658416,-0.6827487427609442,0.2577749013564403,0.2436330439072351,-2.3483261369102615,-0.13947298088675675,1.7084368715073683,0.5984714242699418,1.180722875171436,-0.5400529016067912,-0.1581582272971005
21.76,1.0361904761904763,3.619047619047633,2.370997678798148,1.2390199296088098,2.7458009670778396,-0.683019575240454,0.2577306217852395,0.24365894390993253,-2.370997678798148,-0.14159778416265034,1.7292222594167184,0.6086135662247028,1.1902081222141758,-0.5471866250741697,-0.16698534106051044
21.77,1.0366666666666666,3.6666666666666625,2.3936541718969417,1.2520281166376686,2.746599618853564,-0.6832909736021406,0.2576863174515956,0.24368479886226826,-2.3936541718969417,-0.14354465554478057,1.7499727330768655,0.618704790364677,1.1997483220162364,-0.5543511526866385,-0.17588078458227185
21.78,1.0371428571428571,3.7142857142857144,2.416283883104664,1.2650397285793091,2.747397981480087,-0.6835625234918205,0.2576421018017829,0.24371073080054495,-2.416283883104664,-0.14547659292545312,1.770737277366674,0.6288061768751962,1.2092729408220704,-0.5615183362983944,-0.18475865449665285
21.79,1.0376190476190477,3.7619047619047663,2.4389252900326897,1.2780536810158862,2.748197267122163,-0.6838341493752947,0.2575978807105767,0.2437366065312905,-2.4389252900326897,-0.14739958323202185,1.791446487585624,0.6388504288523222,1.218813817169484,-0.5687087477251107,-0.1936959587079845
21.8,1.0380952380952382,3.809523809523818,2.4615290096998255,1.2910708815050427,2.748992967180044,-0.6841054744514925,0.2575538793850525,0.24376269012512256,-2.4615290096998255,-0.14948327398908168,1.812211937713637,0.6489794310321484,1.2282758130303106,-0.5758571683103231,-0.2025301765932186
21.81,1.0385714285714285,3.857142857142848,2.4840993543112644,1.3040905187034302,2.749793289815852,-0.6843777862629112,0.2575098219968126,0.24378872282360348,-2.4840993543112644,-0.15124358661570136,1.832951943886596,0.659053381791197,1.2378283756955932,-0.5830488991679483,-0.2114498689454236
21.82,1.039047619047619,3.9047619047618998,2.5066584718720364,1.317112475323129,2.7505886202545806,-0.6846493848270861,0.25746598692723327,0.2438149391061901,-2.5066584718720364,-0.15330310641904488,1.8537201922849356,0.669202855570461,1.2472767396707773,-0.5901950187409577,-0.22026786614982585
21.83,1.0395238095238095,3.9523809523809517,2.5292365709808085,1.3301353474603244,2.7513887599810296,-0.6849216337311282,0.25742200748843264,0.24384096290531992,-2.5292365709808085,-0.15513555184099026,1.8743882277796553,0.6792199864604331,1.256820336859743,-0.5974074594866874,-0.22924130577007817
21.84,1.04,4.0000000000000036,2.551763966839593,1.3431607619334474,2.752185610425261,-0.685193720038332,0.2573782501117922,0.24386721535283568,-2.551763966839593,-0.1570839970867377,1.8951322465327713,0.6893288533056374,1.26628483922131,-0.6045841660075046,-0.2380993374729301
21.85,1.0404761904761906,4.047619047619055,2.574250417349788,1.3561883821116543,2.75297745430114,-0.6854652967848556,0.25733477235001334,0.2438937325925258,-2.574250417349788,-0.15927114784154428,1.915940906849234,0.6995640944310155,1.2756528381319354,-0.6116910030076084,-0.24682069871101442
21.86,1.0409523809523809,4.095238095238085,2.5967891327883796,1.3692152883720299,2.7537789578736867,-0.68573807424841,0.2572909303369623,0.24391981872878263,-2.5967891327883796,-0.16100910150483871,1.9365684139223793,0.7095256857414522,1.2852038863361281,-0.6189394712707075,-0.2558452488666041
21.87,1.0414285714285714,4.142857142857137,2.619261287190089,1.3822445818684435,2.75457473327125,-0.686010406139507,0.25724742536293693,0.2439462505398932,-2.619261287190089,-0.16297645250027415,1.957312784222065,0.7196478234310355,1.2946326845806766,-0.6261091357683046,-0.26468247234215925
21.88,1.041904761904762,4.190476190476189,2.641712693392073,1.3952746319374543,2.7553724729463602,-0.68628321235641,0.25720392642758766,0.24397268349612433,-2.641712693392073,-0.16480620959069547,1.9780329076543257,0.7297475750783544,1.3041003756079972,-0.6333032547706896,-0.27356085116241324
21.89,1.0423809523809524,4.238095238095241,2.664183861886149,1.4083048745165965,2.756165454107976,-0.6865551184429618,0.2571606027577352,0.24399920785164222,-2.664183861886149,-0.1669840407791945,1.9987390477772093,0.7398719924720076,1.3134708985088839,-0.6404564083071884,-0.28238353134625305
21.9,1.0428571428571427,4.2857142857142705,2.6865942356199657,1.4213360419151648,2.75696475493907,-0.6868284882139386,0.2571171971699518,0.24402570742276275,-2.6865942356199657,-0.16868149154356527,2.0194394141432426,0.7499553285938543,1.3229629893516393,-0.6476728220269568,-0.2912924269622863
21.91,1.0433333333333334,4.333333333333345,2.7090098564305887,1.4343673157530337,2.7577598696531167,-0.6871011524251236,0.25707397009469707,0.2440523168046164,-2.7090098564305887,-0.17066288248992478,2.040144062462468,0.7600701731363735,1.3323663841109168,-0.6548499463707724,-0.3001397280319118
21.92,1.043809523809524,4.3809523809523965,2.731389447453103,1.4473991399682076,2.7585546877518006,-0.6873740332136712,0.2570308411146531,0.24407902694174224,-2.731389447453103,-0.1726106692006013,2.0608762311576934,0.7702077330411505,1.3417522589630693,-0.6620297589378654,-0.30895601231558656
21.93,1.0442857142857143,4.428571428571426,2.753774445309365,1.4604301259146821,2.7593543267684897,-0.6876476701772393,0.2569875908254753,0.2441055802392932,-2.753774445309365,-0.17430406485655636,2.0815315214987917,0.7802261819455092,1.3512286466156986,-0.669271422819917,-0.317911942627469
21.94,1.0447619047619048,4.476190476190478,2.776116620798863,1.4734621407861712,2.7601433278116794,-0.6879198891441615,0.2569447965148149,0.24413256351916096,-2.776116620798863,-0.17656796382902185,2.102307196782216,0.7904631562105635,1.3604916644342824,-0.6763898161153303,-0.3265987153624139
21.95,1.0452380952380953,4.52380952380953,2.7984552379552885,1.4864929880213231,2.7609392344227963,-0.6881932675639703,0.25690182594469263,0.24415936096131072,-2.7984552379552885,-0.17843453660030262,2.1229878015530668,0.8005752184591763,1.3698966843044946,-0.6835862083283795,-0.33546133238493425
21.96,1.0457142857142858,4.571428571428582,2.8207792187788128,1.4995233630209874,2.761733771170114,-0.6884665366752385,0.25685896726577484,0.24418623820990215,-2.8207792187788128,-0.18037557175332175,2.14367200927732,0.8107039523919557,1.3792704648860843,-0.6907691015571649,-0.3442991678533236
21.97,1.0461904761904761,4.6190476190476115,2.843124664598262,1.5125519447734213,2.7625330444181966,-0.6887404373656439,0.25681595093833565,0.24421291344715354,-2.843124664598262,-0.1821007671473529,2.164265569939694,0.8206796053590759,1.388721310963259,-0.6980351420018405,-0.353291297303826
21.98,1.0466666666666666,4.666666666666663,2.8653753680023653,1.5255821584769675,2.7633218757499263,-0.6890133145229451,0.2567734715346509,0.24424014870060787,-2.8653753680023653,-0.1842770910110314,2.185048210865692,0.8309485664535599,1.3979670642669362,-0.7051514451121288,-0.36195404791091734
21.99,1.0471428571428572,4.714285714285715,2.8876175504350954,1.5386110648089564,2.7641141626307135,-0.6892868266485093,0.2567309276693494,0.2442673012657362,-2.8876175504350954,-0.18625228542409333,2.205789390530266,0.8411349609848351,1.407269135812661,-0.7123195514774472,-0.37070555413506456
22.0,1.0476190476190477,4.761904761904767,2.9098972413972524,1.5516373260239797,2.76491098915586,-0.6895608257953543,0.2566882249024896,0.24429422780730903,-2.9098972413972524,-0.1880566440702669,2.226404775487567,0.8511702929357989,1.4166625593708515,-0.719554333471728,-0.3796329093667228
22.01,1.0480952380952382,4.809523809523819,2.932109149879447,1.5646639687590096,2.7657024439282787,-0.689834436937012,0.25664583114433703,0.24432148716643784,-2.932109149879447,-0.19006458906439816,2.247134988348831,0.8613617334034762,1.4259384857468804,-0.7267260232690309,-0.3883732244143512
22.02,1.0485714285714285,4.857142857142849,2.9543372097024623,1.5776884230884223,2.766495291574972,-0.690108171424363,0.25660341776343376,0.24434866860883456,-2.9543372097024623,-0.1920454584627862,2.267796596981575,0.8714866836734503,1.4352448633404569,-0.7339179928450901,-0.3971921859926564
22.03,1.049047619047619,4.904761904761901,2.9765389736886916,1.590711611563082,2.7672890499873573,-0.6903822528605159,0.2565610560634376,0.24437589350409775,-2.9765389736886916,-0.19394071522630396,2.288458394973736,0.8816056794320071,1.4445633272130776,-0.7411203505725106,-0.406021890206576
22.04,1.0495238095238095,4.9523809523809526,2.9987058911877917,1.6037338454351444,2.768080906510105,-0.6906562801044068,0.25651884597457053,0.2444032644024796,-2.9987058911877917,-0.19590027035649715,2.309158030878433,0.8917766756006085,1.453836208339121,-0.7483032965888148,-0.41478644639145745
22.05,1.05,5.000000000000004,3.0208877041359328,1.6167537751724992,2.7688715761816054,-0.6909300154968403,0.25647668620173775,0.24443063056670622,-3.0208877041359328,-0.19798386855033323,2.329817887795871,0.9019187148933794,1.4630799080986856,-0.7554932659197267,-0.4235653463578237
22.06,1.0504761904761903,5.047619047619034,3.0430312155893646,1.6297722018319927,2.769665648774992,-0.6912045947123525,0.25643452826818885,0.2444580034416056,-3.0430312155893646,-0.19980886812868137,2.3504703284572104,0.9120348308792048,1.472390438675264,-0.762704516242696,-0.43239954385037027
22.07,1.0509523809523809,5.095238095238086,3.0651490019121708,1.6427891193420836,2.770458083968983,-0.6914790981370996,0.2563925003219041,0.24448549248187215,-3.0651490019121708,-0.20170111939027402,2.3711429959752284,0.9221890979531633,1.4816634690152153,-0.7699005028002803,-0.44118661532545067
22.08,1.0514285714285714,5.142857142857138,3.087253538321799,1.655804231712459,2.7712478588103493,-0.6917532670460748,0.2563506166051158,0.24451309102607702,-3.087253538321799,-0.2037470431058508,2.3918310683261224,0.9323761431135003,1.4908765602902774,-0.7770747050114712,-0.44991906160379846
22.09,1.051904761904762,5.19047619047619,3.1093557449422105,1.668816804785817,2.7720390111468616,-0.6920276898876457,0.2563087312472331,0.24454066170374808,-3.1093557449422105,-0.20572902622739697,2.412474787236474,0.9425243901414859,1.5001169378022983,-0.7842718875537669,-0.45870368317625365
22.1,1.0523809523809524,5.238095238095242,3.1314465746181575,1.6818269888949409,2.7728323697526767,-0.6923025692401495,0.2562668306914508,0.24456819322260748,-3.1314465746181575,-0.20757932028183657,2.433096239995991,0.9526101617445715,1.5093858435228258,-0.7915039907815391,-0.4675464626533343
22.11,1.052857142857143,5.285714285714294,3.1535017244044505,1.6948355624057803,2.773623257612217,-0.6925773052864093,0.25622510669377263,0.24459589690169603,-3.1535017244044505,-0.209525695046342,2.4537505616429423,0.9627747308963652,1.5186099610627446,-0.7987005811765924,-0.47631198707810407
22.12,1.0533333333333335,5.3333333333333455,3.175508629607715,1.707842750216467,2.774413092185643,-0.6928522223549741,0.25618353650915116,0.24462375470898778,-3.175508629607715,-0.21145792613161962,2.4744585919848294,0.9729915302415737,1.5278045584814715,-0.8058742000508379,-0.4850161527598207
22.13,1.0538095238095238,5.380952380952375,3.197536808833268,1.7208465623459477,2.775204107074575,-0.6931271928924404,0.256141900602017,0.2446515116226159,-3.197536808833268,-0.21338678639687414,2.4951104662421786,0.9831086409242351,1.5369949266301308,-0.8131148217454309,-0.49378812974049113
22.14,1.0542857142857143,5.428571428571427,3.2195365038662715,1.7338482060102585,2.775992828605159,-0.6934019967819969,0.2561004816099645,0.24467943724884234,-3.2195365038662715,-0.21541578752755086,2.5157604820581936,0.9933294526854874,1.546183400669232,-0.8202632273051069,-0.502512560956625
22.15,1.0547619047619048,5.476190476190479,3.2415230432992215,1.7468472517338682,2.776782074060872,-0.6936769918488955,0.2560590725236341,0.24470736977539806,-3.2415230432992215,-0.2174093598246163,2.536410782239651,1.0035079552840553,1.5553525912874289,-0.8274581335056541,-0.5112457899512313
22.16,1.0552380952380953,5.523809523809531,3.2635388239552587,1.759842190492622,2.7775741005020027,-0.6939522497532284,0.25601757561542515,0.24473515301243015,-3.2635388239552587,-0.21932130581130416,2.5569602996768914,1.0135793485331446,1.5645789569073143,-0.8346960308879714,-0.5201061537274065
22.17,1.0557142857142858,5.571428571428583,3.285454149853728,1.772836917309364,2.7783633054063843,-0.694227769746424,0.25597636309375926,0.24476327461690622,-3.285454149853728,-0.22121603315671257,2.5776561925073382,1.0238019772127016,1.5737352008166061,-0.8418793122771828,-0.5287952812407237
22.18,1.0561904761904761,5.619047619047612,3.3073887652519396,1.785827973933878,2.7791519674848297,-0.694503070662688,0.25593516726028026,0.24479135979913427,-3.3073887652519396,-0.2232055924018761,2.598301080878729,1.0339770100541212,1.5828728066169306,-0.8490826099166293,-0.5375175548696154
22.19,1.0566666666666666,5.666666666666664,3.32929685478518,1.798816383441433,2.7799412679263193,-0.694778678914218,0.2558940428763945,0.2448195006055093,-3.32929685478518,-0.22512543014133746,2.618946486138407,1.0441561002906052,1.5920228982682083,-0.8562816913242899,-0.546246977331788
22.2,1.0571428571428572,5.714285714285716,3.351217629516823,1.8118011963263752,2.780729047908022,-0.6950539517851929,0.2558529823817711,0.24484765309348125,-3.351217629516823,-0.22718436288208244,2.6395541683751356,1.0543204280337726,1.6011412613774256,-0.8634802994250235,-0.5549804958816185
22.21,1.0576190476190477,5.761904761904768,3.3730766570868598,1.8247841781185272,2.78151719096004,-0.6953297398457262,0.25581205152897046,0.24487596507443576,-3.3730766570868598,-0.22911710372490734,2.6602097343512376,1.0645495948685024,1.6102682776496513,-0.8706621900588796,-0.5636683859360336
22.22,1.058095238095238,5.809523809523798,3.394957702759116,1.8377628323995816,2.782308480807896,-0.6956059063484943,0.2557710166816941,0.24490412604819398,-3.394957702759116,-0.2309321379998841,2.6807862101145608,1.074653978371365,1.6194409771428386,-0.8779080177020449,-0.5724776830549838
22.23,1.0585714285714285,5.85714285714285,3.4168395349740255,1.8507381600855861,2.783096605921979,-0.6958815473420106,0.25573012602154355,0.2449323747984698,-3.4168395349740255,-0.23295894789553406,2.7013578269892813,1.0847873417027865,1.6285519674465565,-0.8851216720190291,-0.5812403204407679
22.24,1.059047619047619,5.9047619047619015,3.4386194765899103,1.863713250514587,2.7838791163271046,-0.6961569912492216,0.255689603988084,0.24496104173828134,-3.4386194765899103,-0.23512984418379013,2.7221009493514803,1.095123177244428,1.6375395368118495,-0.8922528693844023,-0.589762955136508
22.25,1.0595238095238095,5.952380952380953,3.460459658074888,1.8766820903240877,2.7846705607527698,-0.6964335096358636,0.2556487476763793,0.2449893127625277,-3.460459658074888,-0.23692023297519071,2.7426418030202404,1.1052079787341684,1.6467042818915978,-0.8995098810582691,-0.5985947552327509
22.26,1.06,6.000000000000005,3.4822873341691096,1.8896475928854477,2.785461001452308,-0.6967099606163728,0.2556079860331951,0.2450176478147333,-3.4822873341691096,-0.23876715724344688,2.7631770504527475,1.1153048271209887,1.655848474578514,-0.9067553713502985,-0.6074122160501183
22.27,1.0604761904761904,6.047619047619035,3.504022156174391,1.9026123122005798,2.786247822619819,-0.696986484618468,0.2555675130932663,0.2450463209959341,-3.504022156174391,-0.24065874631528095,2.7838555303929535,1.125554787440186,1.6649054161661958,-0.913946973773605,-0.6160463142842132
22.28,1.060952380952381,6.095238095238109,3.525784874687299,1.9155725760674494,2.787032700727641,-0.6972624895906537,0.25552709724481604,0.24507497207239362,-3.525784874687299,-0.24274562272705857,2.804484240592986,1.135768185701136,1.6739197699292552,-0.9211358979177131,-0.6246948642072869
22.29,1.0614285714285714,6.142857142857139,3.547560423653928,1.928527300296705,2.787829734115301,-0.6975404610317275,0.2554863254688609,0.2451032731066662,-3.547560423653928,-0.2441649855697947,2.8249440819212657,1.145751497846259,1.6831767501887862,-0.9284641851275643,-0.6336687305164568
22.3,1.061904761904762,6.190476190476191,3.5692617444921915,1.9414820184078212,2.788607839068627,-0.6978157879019763,0.25544630192049833,0.24513227755398892,-3.5692617444921915,-0.24657016971554313,2.8456522482021684,1.1561251208057177,1.6920603066142625,-0.9355640250647279,-0.6421297426894346
22.31,1.0623809523809524,6.238095238095243,3.5909773172616455,1.9544315097260707,2.789394218982626,-0.6980924172517384,0.2554060348873556,0.24516102272978108,-3.5909773172616455,-0.24853974133189904,2.8662371702972367,1.1663130802757715,1.7010983960588533,-0.9427709267501583,-0.650824935252714
22.32,1.062857142857143,6.2857142857142945,3.6126538589969948,1.9673781807985988,2.790180062546698,-0.6983692490344655,0.2553658753444457,0.24518987938907616,-3.6126538589969948,-0.250483083519526,2.8868621016641782,1.1765254103271117,1.7101098333613063,-0.9499776937464954,-0.6594774961863892
22.33,1.0633333333333332,6.333333333333324,3.63432052351369,1.9803207763918953,2.790967798310711,-0.6986464829537457,0.2553257109047503,0.24521871836278789,-3.63432052351369,-0.25231751269786384,2.907447096803306,1.1867037875679776,1.7191592415831236,-0.9572084642715417,-0.66818545695565
22.34,1.0638095238095238,6.380952380952376,3.6559806156219787,1.9932597231863467,2.791752277511314,-0.6989232234062038,0.2552857057320769,0.24524766179588503,-3.6559806156219787,-0.25435312287558354,2.9280425722157055,1.196918161695537,1.7281432240930927,-0.9644013593624656,-0.6768346328276387
22.35,1.0642857142857143,6.428571428571428,3.6776072759202583,2.0061950503013626,2.792540421790494,-0.6992008381990814,0.25524566885752425,0.24527659987705835,-3.6776072759202583,-0.25612674046291417,2.948619839110189,1.2070961478204634,1.7371921573134275,-0.9716386850940006,-0.6855475799784849
22.36,1.0647619047619048,6.47619047619048,3.6992762667251267,2.0191252430664623,2.793324442848067,-0.6994774560025755,0.2552057359508257,0.2453055342859181,-3.6992762667251267,-0.2582537833020204,2.9691458738591026,1.2172539965878526,1.7461584495721327,-0.978851167162953,-0.6942433760863231
22.37,1.0652380952380953,6.523809523809532,3.720864673829305,2.0320534720402903,2.7941093018934695,-0.6997548119272186,0.25516594433243295,0.2453346622728975,-3.720864673829305,-0.2601875134846221,2.9897491692656875,1.2274871150183442,1.7551356379541083,-0.986049625447738,-0.7028784001302801
22.38,1.0657142857142856,6.571428571428561,3.742472735407665,2.0449770049335863,2.7948916929772656,-0.7000316149913154,0.25512622291074943,0.24536380059943025,-3.742472735407665,-0.2623300780718929,3.010319439513043,1.237701800961588,1.764055005773657,-0.9932498761600961,-0.7115006352198305
22.39,1.0661904761904761,6.619047619047613,3.764015733374293,2.0578976092293755,2.7956791471917515,-0.7003097634063092,0.25508650391476606,0.24539298185461156,-3.764015733374293,-0.2640631734137866,3.0309077594439238,1.2479003922331922,1.7730711630755902,-1.0004740002546586,-0.7201856567249587
22.4,1.0666666666666667,6.666666666666665,3.7855688112135133,2.070813684461182,2.7964641937148023,-0.7005874391559915,0.2550468689783364,0.2454222011010555,-3.7855688112135133,-0.26598175362797516,3.051471123783811,1.2581000876954462,1.7820349241929545,-1.0076947782318268,-0.7288474500892317
22.41,1.0671428571428572,6.714285714285717,3.8071061818841456,2.083725681370331,2.797249861095312,-0.7008653456874268,0.25500727766894976,0.2454514478034176,-3.8071061818841456,-0.26785439304649605,3.072020700032585,1.2682867326114122,1.791006481357016,-1.0149250710102309,-0.7375269600673473
22.42,1.0676190476190477,6.761904761904769,3.8286362042978306,2.096633862401347,2.798031305341776,-0.7011425952010573,0.25496787206947275,0.24548082126901868,-3.8286362042978306,-0.26998277605931875,3.0925942804901796,1.278521257186771,1.7998905317723413,-1.0221099703344172,-0.7461221615307934
22.43,1.068095238095238,6.809523809523799,3.8501215341651407,2.1095382733252683,2.7988178310458576,-0.7014210489124582,0.2549284132093411,0.2455101891320779,-3.8501215341651407,-0.2717432691915378,3.1131476413757575,1.2887198520220577,1.8088715403053346,-1.0293459303495123,-0.754801607393063
22.44,1.0685714285714287,6.857142857142873,3.8716258229889777,2.122437929375142,2.7996005514258253,-0.7016987240773068,0.2548890806791982,0.24553960070021522,-3.8716258229889777,-0.2737894789145989,3.133685600596059,1.2989187225872278,1.817770446269873,-1.036555817332463,-0.7634392623539932
22.45,1.069047619047619,6.904761904761902,3.8931097729982156,2.135333623988281,2.800382932261186,-0.7019764994708307,0.25484980937173457,0.24556907362236227,-3.8931097729982156,-0.2758364364905952,3.1542271939475786,1.3091219911485652,1.8266505883852702,-1.0437810628860067,-0.7720605531948532
22.46,1.0695238095238095,6.952380952380954,3.9145358218996895,2.1482263774473047,2.801166356556181,-0.7022548870970178,0.25481066449928697,0.2455986789715083,-3.9145358218996895,-0.2777250715576107,3.174810522943816,1.3193703822323766,1.8355564516796763,-1.0509769054240836,-0.7806625774754217
22.47,1.0699999999999998,6.999999999999984,3.9359578043580368,2.1611140553395725,2.801953919143039,-0.7025340249245388,0.25477141928142116,0.24562819146730067,-3.9359578043580368,-0.2793859788102204,3.1953294561818613,1.3295318625225816,1.8445329403933508,-1.0582418235384417,-0.7893760359757196
22.48,1.0704761904761906,7.047619047619058,3.957445386760061,2.1739946543191753,2.8027429726432813,-0.7028129497766921,0.25473203951381757,0.2456574894857228,-3.957445386760061,-0.2811192155598108,3.2157127327428814,1.3395439862714742,1.8535253545244101,-1.0655784269801183,-0.7982275376870795
22.49,1.0709523809523809,7.095238095238088,3.9787689494067746,2.1868773904878878,2.8035187132569463,-0.703090800256705,0.2546934208081544,0.24568756636527853,-3.9787689494067746,-0.28331425279317646,3.236426195980324,1.3499846867445653,1.8622728006219225,-1.0726611411671527,-0.8065882744075936
22.5,1.0714285714285714,7.14285714285714,4.00015781348142,2.199752438039869,2.804300893267691,-0.7033692881914423,0.2546544962625195,0.2457173011277536,-4.00015781348142,-0.28529104506073155,3.25696008384857,1.360191719565007,1.871123102679273,-1.0798896880784947,-0.8151981979455436
