name,design_phase,x,y,z,center_bulk_completion_fraction,center_energy_excess_fraction,epsilon_radial_identity,epsilon_identity_abs_error,u_center,lambda_radial,R_peak_dimless,hessian_mixing_max_radius_dimless,required_driver,driver_d3_action_peak,relative_error_pct_d3_action_peak,driver_d3_mixing_peak,relative_error_pct_d3_mixing_peak,driver_d4_action_peak,relative_error_pct_d4_action_peak,driver_d4_mixing_peak,relative_error_pct_d4_mixing_peak
baseline_zero_bias,baseline,0.0,0.0,0.0,0.8659239768610854,0.0625878658328138,0.0625878640071892,1.825624595941377e-09,0.1340760231389146,1.0718550298948737,5.860202508437851,5.913579732488854,0.06708511684648207,0.06786382640097717,1.1607784127097842,0.06725808839067157,0.25783892511559436,0.09048510186796956,34.881037883613054,0.0896774511875621,33.67711856682079
axis_x_m2p0pct,phase1_axis,-0.02,0.0,0.0,0.868917075745516,0.0600167286553049,0.060016726869239,1.7860658091395363e-09,0.1310829242544839,1.0701384378984256,5.88062002583441,5.933122213425559,0.06422620633962389,0.06613757474581579,2.9759945591129933,0.06555867165311324,2.074644275957027,0.08818343299442105,37.30132607881733,0.087411562204151,36.099525701276036
axis_x_m1p0pct,phase1_axis,-0.01,0.0,0.0,0.8674251159448748,0.0612927230057291,0.0612927211998779,1.805851121416957e-09,0.1325748840551252,1.0709934138312396,5.870411267136131,5.923205133547231,0.06564410072086363,0.06699703006655892,2.061006748265637,0.06640644207470597,1.161325001745439,0.08932937342207857,36.08134233102087,0.08854192276627464,34.88176666899392
axis_x_p1p0pct,phase1_axis,0.01,0.0,0.0,0.8644136951011765,0.0639022620247869,0.0639022601794051,1.845381750187336e-09,0.1355863048988235,1.0727232937920816,5.849993749739572,5.9039543314304765,0.06854944302041002,0.06873797867793617,0.27503601666027944,0.06811681016909674,-0.6311252611993834,0.09165063823724823,33.700048022213714,0.09082241355879565,32.491832985067504
axis_x_p2p0pct,phase1_axis,0.02,0.0,0.0,0.8628943082929105,0.0652360132601985,0.0652360113950803,1.865118184896097e-09,0.1371056917070895,1.0735982127900363,5.839784991041293,5.894328930372099,0.07003726524330865,0.06961950138815946,-0.5964879606562001,0.06898261838683033,-1.5058367182306354,0.09282600185087929,32.53801605245841,0.09197682451577377,31.325551042359145
axis_y_m2p0pct,phase1_axis,0.0,-0.02,0.0,0.8598284397351382,0.0679619132783456,0.067961911296144,1.9822015695503126e-09,0.1401715602648617,1.0753680056020778,5.937497395724822,5.994083086795283,0.07308406500743969,0.07000048896281906,-4.219218025580174,0.06934724520336714,-5.113043183479393,0.09333398528375875,27.707709299226437,0.09246299360448952,26.51594242202746
axis_y_m1p0pct,phase1_axis,0.0,-0.01,0.0,0.8628943401254519,0.0652359852349565,0.0652359833321789,1.9027775188806832e-09,0.1371056598745481,1.0735981944447344,5.898704112671361,5.953539730822118,0.07003723391825406,0.06893202017834335,-1.5780373925113778,0.06830428854100717,-2.4743201298748407,0.09190936023779113,31.22928347665148,0.09107238472134291,30.034239826833577
axis_y_p1p0pct,phase1_axis,0.0,0.01,0.0,0.868917044862602,0.0600167549161464,0.0600167531654265,1.750719812176893e-09,0.1310829551373979,1.0701384555819249,5.822284261844244,5.8739114129755405,0.06422623554149111,0.06679292613611622,3.996327315442594,0.06621229863596559,3.0922925463869877,0.08905723484815496,38.66176975392346,0.08828306484795412,37.45639006184931
axis_y_p2p0pct,phase1_axis,0.0,0.02,0.0,0.8718732553801489,0.0575218009837374,0.0575217993056988,1.678038562269446e-09,0.128126744619851,1.0684484081663053,5.784657694070586,5.8348264511021295,0.061459074903035565,0.06572301924779402,6.937859626891085,0.06516401531938014,6.028304887748281,0.08763069233039202,42.58381283585475,0.08688535375917351,41.37107318366438
axis_z_m2p0pct,phase1_axis,0.0,0.0,-0.02,0.8654608839825929,0.0629896864105271,0.0629896845727549,1.837772115043101e-09,0.1345391160174071,1.0721211134323965,5.85641068377849,5.910079586649443,0.06753257075889743,0.06813917751135491,0.8982432412104835,0.06752732348987762,-0.007769982633332173,0.09085223668180654,34.53099098828063,0.09003643131983684,33.3229733564889
axis_z_m1p0pct,phase1_axis,0.0,0.0,-0.01,0.8656931114646158,0.0627880513404813,0.062788049508824,1.8316572564236462e-09,0.1343068885353842,1.071987663839285,5.858452435518146,5.911829659569149,0.06730801450998959,0.06799944585000332,1.0272645019280935,0.06739233118695603,0.12526989182533033,0.09066592780000443,34.703019335904116,0.08985644158260804,33.500359855767094
axis_z_p1p0pct,phase1_axis,0.0,0.0,0.01,0.8661534920698123,0.0623891151344083,0.0623891133147413,1.81966691020774e-09,0.1338465079301877,1.0717232041731648,5.861952581357556,5.915329805408558,0.0668638604271972,0.06772895737100304,1.2938184219078552,0.06712458863071702,0.3899389025012967,0.09030527649467072,35.05842456254382,0.08949945150762269,33.85325187000172
axis_z_p2p0pct,phase1_axis,0.0,0.0,0.02,0.8663816688450252,0.0621917846894721,0.0621917828756936,1.8137784885130515e-09,0.1336183311549748,1.071592179341143,5.863702654277262,5.917079878328264,0.06664422814887568,0.06759483230440186,1.4263863232126361,0.06699182551403296,0.5215715971393475,0.09012644307253581,35.23518176428351,0.08932243401871062,34.02876212951915
pair_xm1p5_ym1p5,phase2_interaction,-0.015,-0.015,0.0,0.8636551853341286,0.0645666700454716,0.0645666681337468,1.911724778480561e-09,0.1363448146658714,1.0731598933852275,5.93341389224551,5.988249510396266,0.06929035869065109,0.06815731996307942,-1.6352040153669312,0.06754016250680345,-2.525887030923657,0.09087642661743922,31.1530613128441,0.09005355000907125,29.965483958768434
pair_xm1p5_yp1p5,phase2_interaction,-0.015,0.015,0.0,0.8726065391683383,0.0569098388902539,0.056909837204967,1.685286812880271e-09,0.1273934608316617,1.0680300202776392,5.818784116004833,5.868952873036376,0.06078141458401805,0.0649717917356232,6.894175103168743,0.06442232297502368,5.990167250834233,0.08662905564749761,42.525566804225015,0.08589643063336491,41.32022300111231
pair_xp1p5_ym1p5,phase2_interaction,0.015,-0.015,0.0,0.8590563110774242,0.0686556637724513,0.0686556617998352,1.972616014978001e-09,0.1409436889225758,1.075814642129313,5.902787616150673,5.959373307221134,0.07386076622934086,0.07079061091660963,-4.156679478788872,0.07012623196939868,-5.05618131329194,0.09438748122214617,27.791094028281506,0.09350164262586491,26.591758248944085
pair_xp1p5_yp1p5,phase2_interaction,0.015,0.015,0.0,0.8681721993177041,0.0606523783970994,0.0606523766541883,1.74291103771651e-09,0.1318278006822959,1.0705651228138615,5.788157839909996,5.839784991041293,0.06493231906174368,0.067559834163743,4.046544371071725,0.06696918218491987,3.136901858132246,0.09007977888499068,38.728725828095634,0.0892922429132265,37.51586914417633
pair_xm1p5_zm1p5,phase2_interaction,-0.015,0.0,-0.015,0.8678288584126647,0.060946315733619,0.0609463139286372,1.8049817404608422e-09,0.1321711415873353,1.0707619121484493,5.872744697695737,5.925538564106837,0.06525899164062723,0.06676900572347515,2.313878968837524,0.06618063751557529,1.4122894819206477,0.08902534096463353,36.41850529178336,0.08824085002076705,35.216385975894205
pair_xm1p5_zp1p5,phase2_interaction,-0.015,0.0,0.015,0.8685126155226011,0.0603615321313231,0.0603615303442133,1.7871097310329096e-09,0.1314873844773989,1.0703700811999193,5.878286595274803,5.930788782865953,0.06460917613588699,0.06636544917704833,2.718302795670269,0.06578434472169138,1.8188880528870355,0.08848726556939777,36.95773706089369,0.08771245962892184,35.75851740384939
pair_xp1p5_zm1p5,phase2_interaction,0.015,0.0,-0.015,0.863304923917914,0.0648744393735542,0.0648744375091665,1.864387658145894e-09,0.1366950760820859,1.0733616244595443,5.842118421600899,5.896370682111755,0.06963373163073815,0.06938598608450458,-0.3557838140103464,0.06875482841523109,-1.2621802608077992,0.09251464811267276,32.85895491465287,0.09167310455364144,31.650426318922918
pair_xp1p5_zp1p5,phase2_interaction,0.015,0.0,0.015,0.8640022923875635,0.0642622714920465,0.0642622696457623,1.8462841672173271e-09,0.1359977076124364,1.0729600538410495,5.847660319179965,5.901620900870869,0.06895084829906516,0.06897136591547703,0.029756873074116008,0.06834786582425788,-0.8745105965802247,0.09196182122063605,33.37300916409882,0.09113048776567717,32.16731920455971
pair_ym1p5_zm1p5,phase2_interaction,0.0,-0.015,-0.015,0.8610123008053059,0.0669038686927718,0.0669038667411074,1.951664344024273e-09,0.1389876991946941,1.074683922902901,5.915329805408558,5.971040460019167,0.07190050996670623,0.0696732039236459,-3.097761120319864,0.06903056475802302,-3.99155056064574,0.09289760523152786,29.20298517290685,0.09204075301069736,28.011265919139007
pair_ym1p5_zp1p5,phase2_interaction,0.0,-0.015,0.015,0.8617164266663632,0.0662778269868273,0.066277825053916,1.932911289359573e-09,0.1382835733336368,1.0742774631801746,5.920871702987624,5.976290678778282,0.07120077376402029,0.06926013550899882,-2.725585906486494,0.06862516653066379,-3.61738657769759,0.09234684734533175,29.699218791351335,0.09150022204088505,28.510151229736547
pair_yp1p5_zm1p5,phase2_interaction,0.0,0.015,-0.015,0.8700598234122193,0.0590470109299652,0.059047009207154,1.7228111229283802e-09,0.1299401765877806,1.0694845025602897,5.800700029167881,5.8517438226592775,0.06314986126958594,0.06646068818181126,5.242809478379451,0.06588728213118487,4.334801069337146,0.08861425090908169,40.323745971172606,0.0878497095082465,39.113068092449524
pair_yp1p5_zp1p5,phase2_interaction,0.0,0.015,0.015,0.8707367300899851,0.0584757276808557,0.0584757259752888,1.7055668335985705e-09,0.1292632699100149,1.0690975206884388,5.806241926746948,5.8569940414183925,0.06251625366063779,0.06605583868569644,5.661863623935104,0.06548965279230852,4.756201719654363,0.08807445158092858,40.88248483191348,0.08731953705641136,39.67493562620581
validation_01,phase2_validation,-0.0166906968976708,-0.0177588310503958,-0.0167414382814477,0.8626810257327325,0.0654241510001976,0.0654241490594951,1.940702418212758e-09,0.1373189742672674,1.073721143003134,5.942747614483936,5.998166590274595,0.07024729210816849,0.06853218068514338,-2.441533860670586,0.06790610223165222,-3.3327830956263016,0.09137624091352452,30.077954852439227,0.09054146964220297,28.88962253916494
validation_02,phase2_validation,-0.0122683900042898,0.010103876561482,0.0044575806308353,0.8708657876158892,0.0583670730524581,0.0583670713288768,1.7235812360683054e-09,0.1291342123841108,1.069023771367732,5.83511812992208,5.886453602233426,0.0623957867156853,0.0656675889926043,5.243626932419976,0.06510107400373005,4.335689043190949,0.0875567853234724,40.32483590989331,0.0868014320049734,39.1142520575879
validation_03,phase2_validation,-0.0022073971764227,0.017230356477012,-0.0037629185249522,0.8712987265662366,0.0580031987872481,0.0580031970913709,1.6958771539843374e-09,0.1287012734337633,1.0687764447261316,5.79661652568857,5.847076961540064,0.061992450770064496,0.0658797986167623,6.270679410814584,0.06531739857419434,5.3634721047928435,0.08783973148901639,41.69423921441944,0.08708986476559245,40.48462947305713
validation_04,phase2_validation,0.010999625234478,0.0019447359453563,-0.0136949715867342,0.8645330856851805,0.0637979432508916,0.06379794141008,1.8408115171064663e-09,0.1354669143148195,1.072654604713028,5.839201633401391,5.892870536272344,0.06843315562473429,0.0688036266231727,0.5413618516585172,0.06818406952416463,-0.363984531029915,0.09173816883089693,34.05514913554468,0.09091209269888617,32.84802062529344
validation_05,phase2_validation,0.0195131290489759,0.0096082345211527,0.0162620183224917,0.8662519029321667,0.0623039760610427,0.0623039742790466,1.7819960090870166e-09,0.1337480970678333,1.0716666902563874,5.806825284386849,5.85961915079795,0.06676909390544496,0.06831497613802949,2.315266154088791,0.06770636677019642,1.4037525596480194,0.09108663485070599,36.42035487211841,0.09027515569359523,35.20500341286401
validation_06,phase2_validation,0.0074415802694216,-0.0109447115094505,0.0086197077368819,0.8616701400555994,0.0663189059378622,0.0663189040180023,1.9198598960601387e-09,0.1383298599444006,1.07430417288654,5.896370682111755,5.951789657902412,0.0712466753278018,0.06956763030332251,-2.356664387150831,0.06892724885773578,-3.2554873043471377,0.09275684040443001,30.19111415046556,0.09190299847698104,28.992683594203818
validation_07,phase2_validation,-0.0096297463073575,-0.0069259474504271,-0.0097270843377641,0.8650622797054388,0.0633364077109081,0.0633364058454158,1.8654922884220326e-09,0.1349377202945612,1.0723502489771402,5.894912288012,5.948872869702904,0.06791881057764883,0.06789744406422066,-0.03145890401561324,0.06728842045210018,-0.9281524811568187,0.09052992541896088,33.29138812797918,0.08971789393613357,32.0957966917909
validation_08,phase2_validation,0.0042447431931197,-0.0008398559478993,0.010928888105964,0.8652820639294676,0.0631451329947602,0.0631451311608761,1.8338841001330761e-09,0.1347179360705324,1.072223895075006,5.861077544897704,5.914746447768657,0.0677057184883367,0.06817500704146318,0.6931298620031834,0.06756331796510376,-0.2103227414350206,0.09090000938861756,34.2575064826709,0.09008442395347169,33.052903011419986
corridor_x_m3p0pct,corridor,-0.03,0.0,0.0,0.8703998206818391,0.0587597747492378,0.0587597729829648,1.7662729404066544e-09,0.1296001793181609,1.0692900939601866,5.89112046335264,5.942747614483936,0.06283124317403367,0.0652822476009493,3.9009325665047,0.0647211868805544,3.007968028399244,0.08704299680126573,38.53457675533958,0.08629491584073919,37.343957371199
corridor_x_m5p0pct,corridor,-0.05,0.0,0.0,0.873337528795257,0.0563025408213176,0.056302539094637,1.7266805207860612e-09,0.126662471204743,1.0676132673678935,5.912121338389099,5.9625817742405935,0.06010933772393397,0.06359378437296971,5.796847513174863,0.06306121654586677,4.910849018982688,0.08479171249729295,41.062463350899804,0.0840816220611557,39.88113202531027
corridor_x_m8p0pct,corridor,-0.08,0.0,0.0,0.8776741494641536,0.0527566191435252,0.0527566174761858,1.6673393429811332e-09,0.1223258505358464,1.0651475393484835,5.943914329763739,5.99291637151548,0.05619358128910851,0.06111332572295638,8.754993579313686,0.06061863739614355,7.8746646957216,0.08148443429727517,45.0066581057516,0.08082484986152473,43.83288626096211
corridor_x_p3p0pct,corridor,0.03,0.0,0.0,0.8613658550794191,0.0665892179433949,0.0665892160585649,1.8848300004092877e-09,0.1386341449205809,1.0744797937182886,5.829867911162965,5.884703529313722,0.07154876713446937,0.07050492205101003,-1.458928120309222,0.06985552356065167,-2.36655870063478,0.09400656273468004,31.388095839587706,0.09314069808086889,30.17792173248697
corridor_x_p5p0pct,corridor,0.05,0.0,0.0,0.8582819090523343,0.0693543645202339,0.0693543625960717,1.924162176814015e-09,0.1417180909476657,1.076262966483884,5.8100337514063085,5.866036084836868,0.07464353202624706,0.07229767040889204,-3.1427526989614263,0.07161562625156842,-4.0564878060887155,0.09639689387852271,29.142996401384757,0.09548750166875788,27.924682925215038
corridor_x_p8p0pct,corridor,0.08,0.0,0.0,0.8535890157946104,0.0736502501446383,0.0736502481617711,1.982867203764726e-09,0.1464109842053895,1.0789878354682767,5.780865869411225,5.838326596941539,0.07946772184577082,0.07503424930551891,-5.578960158007662,0.07430483339486223,-6.496837119514531,0.10004566574069187,25.894719789323094,0.09907311119314964,24.670883840647306
corridor_y_m3p0pct,corridor,0.0,-0.03,0.0,0.8567265969255918,0.0707663967256534,0.0707663946617348,2.063918549954913e-09,0.1432734030744081,1.0771645127029708,5.9768740364181845,6.034918121588399,0.07622704902155368,0.07106547825322163,-6.771311279376158,0.07038992368940039,-7.657551232900028,0.0947539710042955,24.304918294165123,0.0938532315858672,23.123265022799977
corridor_y_m5p0pct,corridor,0.0,-0.05,0.0,0.8504164485889842,0.0766137381939089,0.0766137359595992,2.2343096678367758e-09,0.1495835514110157,1.0808377765583954,6.057085711904662,6.118338264094337,0.08280702002840518,0.0731868682874807,-11.617555779237676,0.07246294992315536,-12.49177920145117,0.09758249104997425,17.84325896101644,0.09661726656420713,16.677627731398424
corridor_y_m8p0pct,corridor,0.0,-0.08,0.0,0.8406905953513512,0.0859893029952281,0.08598930048769,2.5075380938321956e-09,0.1593094046486488,1.086548714406964,6.180757531563815,6.247260302512604,0.09343156389765371,0.07634545282539885,-18.287300735938906,0.07554289366608632,-19.14628149772051,0.1017939371005318,8.950265685414793,0.10072385822144843,7.804958003039308
corridor_y_p3p0pct,corridor,0.0,0.03,0.0,0.8747923361537251,0.0551021033036936,0.0551021016961387,1.6075548600613663e-09,0.1252076638462749,1.0667848174071095,5.747614483936831,5.79632484686862,0.058782085496663306,0.06465119006357234,9.984512317519222,0.06411364747932746,9.070045639954017,0.08620158675142979,46.646016423358994,0.08548486330576996,45.42672751993872
corridor_y_p5p0pct,corridor,0.0,0.05,0.0,0.8805181027332832,0.0504846407392722,0.0504846392662037,1.4730684519403956e-09,0.1194818972667167,1.0635366908157136,5.674694778949123,5.720196674861453,0.05369226618220332,0.062509840101683,16.422428305703242,0.062017703365940854,15.505840553433492,0.08334645346891068,55.22990440760434,0.08269027115458781,54.00778740457799
corridor_y_p8p0pct,corridor,0.0,0.08,0.0,0.8888224360375135,0.0440977657378885,0.044097764450795,1.2870934040787319e-09,0.1111775639624864,1.05886078110959,5.568815367306971,5.609650402100087,0.04669339331155551,0.05930291349731968,27.004934299010586,0.05887543065466421,26.089423961599145,0.07907055132975957,69.33991239868078,0.07850057420621895,68.11923194879887
corridor_z_m3p0pct,corridor,0.0,0.0,-0.03,0.8652272823713582,0.0631927859967353,0.0631927841527581,1.843977179283307e-09,0.1347727176286418,1.0722553861947046,5.854660610858786,5.908329513729738,0.06775880317643425,0.0682763251603958,0.7637708455593639,0.06766307184819963,-0.14128249577453067,0.09103510021386108,34.35169446074582,0.09021742913093284,33.144956672300616
corridor_z_m5p0pct,corridor,0.0,0.0,-0.05,0.8647559078434861,0.0636034395566612,0.0636034376999623,1.8566988224666403e-09,0.1352440921565139,1.072526431790699,5.851160465019376,5.904537689070377,0.06821636808596258,0.06855293813623498,0.493386059264056,0.06794018162918622,-0.404868310239459,0.09140391751497996,33.99118141235207,0.09058690883891496,32.79350891968071
corridor_z_m8p0pct,corridor,0.0,0.0,-0.08,0.864038230344973,0.0642307895353209,0.0642307876585577,1.876763119912361e-09,0.135961769655027,1.0729393675739498,5.84561856744031,5.899287470311263,0.06891574068914956,0.06897715699883428,0.08911797083011042,0.06835673071489826,-0.811149918235321,0.09196954266511237,33.452157294440156,0.09114230761986433,32.251800109019555
corridor_z_p3p0pct,corridor,0.0,0.0,0.03,0.8666085187995911,0.0619958601362584,0.061995858328304,1.8079543348537006e-09,0.1333914812004089,1.0714619481572882,5.865744406016917,5.918829951247968,0.06642620314212785,0.06745812768256684,1.553490176506167,0.06685979272362386,0.65273877022336,0.08994417024342247,35.4046535686749,0.08914639029816515,34.20365169363117
corridor_z_p5p0pct,corridor,0.0,0.0,0.05,0.8670582840044729,0.0616081722090375,0.0616081704125555,1.7964819423732512e-09,0.132941715995527,1.071203838216766,5.869244551856327,5.922330097087379,0.06599490861144204,0.06719355516866321,1.8162712585579,0.06659789322701604,0.9136835375046726,0.08959140689155096,35.75502834474386,0.0887971909693547,34.55157805000621
corridor_z_p8p0pct,corridor,0.0,0.0,0.08,0.8677232630889018,0.0610368362687228,0.0610368344890566,1.7796661505586895e-09,0.1322767369110982,1.0708224497307672,5.874786449435393,5.927871994666445,0.06535961263138297,0.06679879278368107,2.201941067819413,0.06620714557913107,1.2967227216110322,0.0890650570449081,36.269254757092526,0.08827619410550809,35.06229696214804
