name,nfev,cost,max_error_pct,h_Q,h_u0,h_u1,a_d0,a_d1,h_d0,h_d1,err_ct,err_ut,err_sb,err_db,err_Vus,err_Vcb,err_Vub
baseline_zero_bias,8,1.8947438551170606e-21,4.352829208187359e-09,2.9824971528912543,3.2003794831599714,-0.030975548640329302,0.2534120313266561,0.23371071234715174,2.900249852109871,-0.6847396429583091,1.4810375148499588e-11,4.352829208187359e-09,7.283063041541027e-12,-2.353672812205332e-12,2.375877272697835e-12,-5.306866057708248e-12,-2.1538326677728037e-12
axis_x_m1p0pct,8,1.6535524172854742e-22,1.2848833108591862e-09,2.988189072070481,3.2042706300017074,-0.03101743988043141,0.2538445204191766,0.23384130402449885,2.902851049077675,-0.6855280910188191,1.9695356456850277e-11,-1.2848833108591862e-09,2.4424906541753444e-13,1.9695356456850277e-11,-2.091660178393795e-11,-1.3988810110276972e-12,3.75699471533153e-11
axis_x_p1p0pct,8,1.9749352785923463e-23,4.3817172112881053e-10,2.97685837626924,3.196481086806876,-0.030934663065133816,0.2529898662242692,0.23358721307398356,2.897632331522854,-0.6839617850215428,-5.695444116327053e-12,-4.3817172112881053e-10,6.439293542825908e-13,2.1049828546892968e-11,1.4654943925052066e-11,6.505906924303417e-12,-6.903366767119223e-11
axis_y_m1p0pct,11,1.9549525479315132e-23,4.368505557295066e-10,2.918643147624472,3.1082887085700386,-0.03072210117537433,0.2511474815725695,0.23461187785976867,2.8282213045492384,-0.6730752905050532,-3.419486915845482e-12,-4.368505557295066e-10,-5.295763827461997e-12,2.573496971081113e-11,2.937650123158164e-11,7.771561172376096e-12,-5.505595979116151e-11
axis_y_p1p0pct,11,5.9738856831933605e-24,2.248645714075792e-10,3.048880394753096,3.283691444650823,-0.031257764928958605,0.2557269236494403,0.23315975958879925,2.965230742096409,-0.6957770924630464,-2.80109269112927e-11,2.248645714075792e-10,-9.636735853746359e-12,-4.517497487199762e-11,3.623767952376511e-11,6.23945339839338e-12,-7.003286839335487e-11
axis_z_m1p0pct,8,2.8354971122611142e-22,1.5254242313744726e-09,2.982832851493917,3.198892986468819,-0.030960581596219682,0.25323852742886865,0.23364249031408285,2.8992532812688068,-0.6843939861813749,5.079048293055166e-10,1.5254242313744726e-09,1.8387513733841843e-10,-6.290523657526137e-11,4.426015109970649e-10,-1.2790879466706429e-10,-2.4169555246089658e-11
axis_z_p1p0pct,6,6.379009894223774e-23,7.593148332318833e-10,2.9816030756847387,3.201240628626946,-0.030990868512689094,0.2535358691169615,0.23380595488197367,2.9008950199124928,-0.685098342856565,-7.684963776455334e-11,-7.593148332318833e-10,-8.915090887740007e-12,-5.972999872483342e-12,-1.3825607325657074e-10,5.329070518200751e-12,1.9020340857878182e-10
validation_08,6,6.495119090942165e-24,2.4700241851860483e-10,2.9737220499770753,3.192241004414589,-0.03095103480935771,0.25316885233464376,0.23381281082838484,2.8940328687210135,-0.6838125753115937,4.3298697960381105e-12,-2.4700241851860483e-10,-5.617728504603292e-12,1.7319479184152442e-11,-1.688649220454863e-11,2.020605904817785e-12,5.74651437545981e-11
validation_07,9,3.503372796024156e-23,5.893618926222643e-10,2.9436820866078395,3.1404788027360824,-0.030820341954054413,0.252090592632798,0.23432789956816052,2.853134338397117,-0.6771751883366872,1.809663530139005e-11,-5.893618926222643e-10,-1.6320278461989801e-12,4.3853809472693683e-11,-1.5165646516379638e-11,5.8619775700208265e-12,2.1738166822160565e-11
validation_06,8,1.9844246140458074e-24,1.3369305662536135e-10,2.908207186057325,3.0964648049248815,-0.030683459544929407,0.2507361775414633,0.23471635475894498,2.819216355209098,-0.6716050187416089,-1.1324274851176597e-11,-2.1649348980190553e-11,1.7319479184152442e-12,9.237055564881302e-12,3.561595462997502e-11,4.019007349143067e-12,-1.3369305662536135e-10
validation_02,9,9.449230963419414e-24,2.9243274468626623e-10,3.056587313192532,3.2886668649214075,-0.031323969161390075,0.25636660214597856,0.2334034453659472,2.9685023659339493,-0.6969588295958986,6.661338147750939e-13,2.9243274468626623e-10,-1.2989609388114332e-12,-4.7406523151494184e-12,-3.9812597663058114e-11,-3.7192471324942744e-12,8.575362642204709e-11
validation_04,10,4.493916232770553e-24,2.0670132272471164e-10,2.9899901666156086,3.2117053684339996,-0.0309612335180292,0.25320354726015315,0.23331047469508184,2.9096481019362925,-0.6855869200881066,1.907363156306019e-11,2.0670132272471164e-10,9.547918011776346e-13,3.097522238704187e-11,4.241051954068098e-12,-4.263256414560601e-12,-2.920996777788787e-11
validation_03,9,1.3580481705617627e-22,1.1648682018972067e-09,3.101057750801167,3.3404780897766964,-0.031484471199678926,0.2575380789995541,0.23293060196880824,3.009217138141439,-0.7035214350439896,5.10702591327572e-12,-1.1648682018972067e-09,-2.631228568361621e-12,-1.3944401189291966e-11,-4.529709940470639e-12,3.841371665203042e-12,2.9465319073551655e-11
axis_x_m2p0pct,7,1.428065405308726e-22,1.1848966252614446e-09,2.9934146462634,3.2076023837461354,-0.031061092217638177,0.25423962736459904,0.23400603162716424,2.9051441904869493,-0.6863528027417339,-2.589040093425865e-11,1.1848966252614446e-09,1.0658141036401503e-11,-1.809663530139005e-11,-3.618216837253385e-11,-1.0524914273446484e-11,1.468158927764307e-10
axis_x_p2p0pct,6,5.791802780310013e-24,2.325473147379853e-10,2.971267194848105,3.1925770685717914,-0.030894728395118566,0.2525779313246307,0.23347064578725854,2.8949994562664347,-0.6831941968304764,5.264677582772492e-11,2.325473147379853e-10,8.85957973650875e-12,-1.461053500406706e-11,-5.3179682879545e-12,-5.029310301551959e-12,-2.687849942617504e-11
axis_y_m2p0pct,12,7.781893272325325e-23,5.536460179200731e-10,2.8583372200609913,3.0073991181491855,-0.030514569884801678,0.24905835332613124,0.235949530964364,2.748994021294105,-0.6608841022908357,5.536460179200731e-10,-3.300359985303203e-10,2.0539125955565396e-10,-1.3707923685046808e-10,5.264455538167567e-10,-1.5210055437364645e-10,-3.863576125695545e-11
axis_y_p2p0pct,14,4.140769959008144e-23,6.365796778595723e-10,3.1196051056655048,3.361249367098993,-0.03156955761824229,0.258201371423119,0.2328604291740891,3.0253143452686753,-0.7063821434808771,-2.3581137043038325e-11,6.365796778595723e-10,-1.1501910535116622e-11,4.729550084903167e-12,1.1723955140041653e-11,3.241851231905457e-12,-8.93507490218326e-11
axis_z_m2p0pct,7,4.647983455018917e-23,6.752820524980052e-10,2.983730949870108,3.1983173077739866,-0.030948378014265743,0.25314962037059774,0.23356670263587695,2.8988084238493035,-0.6841104317599793,-2.8543833963112775e-11,-6.752820524980052e-10,-9.447997939560082e-12,-2.7389202017502612e-11,3.026467965128177e-11,9.725553695716371e-12,-7.828182546631979e-11
axis_z_p2p0pct,9,5.941473592843513e-23,7.601030915793672e-10,2.980670960979107,3.2020424795669404,-0.03100580432827663,0.2536581534318949,0.23390072627552264,2.901491167237071,-0.685445474273347,2.0250467969162855e-11,-7.601030915793672e-10,-2.4868995751603507e-12,3.976818874207311e-11,-2.332578574737454e-11,-4.9182879990894435e-12,1.1757261830780408e-10
pair_xm1p5_ym1p5,11,2.0496661820822284e-23,3.031241924134065e-10,2.8958562292107874,3.066941847213587,-0.030666356521496484,0.25069270562628826,0.23533213589048646,2.795190305265004,-0.6683691171369519,-2.7081670239681443e-10,-1.1080025785759062e-10,-1.1617373729677638e-10,4.0611958240788226e-11,-3.031241924134065e-10,8.104628079763643e-11,7.582823258189819e-11
pair_xm1p5_yp1p5,12,5.116255158101281e-23,5.031197680693822e-10,3.093141662016084,3.3273407421327974,-0.03147926961802017,0.257625372926898,0.23323411835613037,2.998372800306827,-0.7021852323260321,-2.9424240821640524e-10,-5.031197680693822e-10,-1.3705703238997557e-10,4.32764934998886e-11,-3.647859792010877e-10,9.71667191151937e-11,9.356959651540819e-11
pair_xp1p5_ym1p5,10,3.09600691316083e-23,5.42743627818254e-10,2.880929278047463,3.051855775294187,-0.03055937391231966,0.24952593072991525,0.23508614497177804,2.784403607607774,-0.6657512237766762,-4.0034642267983145e-11,-5.42743627818254e-10,3.0198066269804258e-12,4.742872761198669e-11,-2.816635813474022e-11,-9.992007221626409e-14,1.0185186027911186e-10
pair_xp1p5_yp1p5,14,1.4656807718974415e-24,1.0585976539800868e-10,3.075001488009006,3.319380735995622,-0.03134071270757099,0.25634198838518846,0.23270683170282574,2.9934417321682396,-0.700013242111544,2.7045032879868813e-11,-1.0585976539800868e-10,-1.7252865802674933e-11,1.8807178037150152e-11,2.233768725545815e-11,1.0169642905566434e-11,-3.82804898890754e-11
pair_xm1p5_zm1p5,8,2.0432364911067167e-23,4.4786396813378815e-10,2.9918178289118327,3.204435260538252,-0.03101713942935154,0.2538425420183486,0.2337999888320083,2.9029263355638086,-0.6854312231225569,-6.9610983643997315e-12,-4.4786396813378815e-10,-5.628830734849544e-12,-4.9826809345177026e-11,-1.5198953207118393e-11,-2.708944180085382e-12,3.0664359940146824e-11
pair_xm1p5_zp1p5,7,3.8430133804384855e-23,4.0273340218277554e-10,2.989698500637683,3.207319621466929,-0.031060395814423797,0.2542353989864559,0.23404449662990034,2.9049749580763304,-0.6864238724182047,-1.953659456432888e-10,3.468780818138839e-10,-1.241229341530925e-11,3.221867217462204e-11,2.4726887204451486e-10,3.588240815588506e-11,-4.0273340218277554e-10
pair_xp1p5_zm1p5,7,6.46009112707104e-23,8.020584196799518e-10,2.9753911170841283,3.1933524633026074,-0.030893419736703915,0.2526175143379164,0.23339731140966274,2.8954231232070087,-0.6830761067869209,-4.11226608321158e-11,-8.020584196799518e-10,2.19824158875781e-12,-1.5021317523178368e-11,-2.5723867480564877e-11,2.1094237467877974e-12,1.1124434706744069e-11
pair_xp1p5_zp1p5,8,6.115892321305334e-25,5.725420137991932e-11,2.9731815157431853,3.196173068728965,-0.030934023255183025,0.25299540272170473,0.23362825801354806,2.8974209297000684,-0.6840238014692608,4.685141163918161e-12,-5.725420137991932e-11,-6.94999613415348e-12,-1.0769163338864018e-11,-2.1460611066004276e-11,-8.659739592076221e-13,4.68070027181966e-11
pair_ym1p5_zm1p5,10,2.401776142597467e-22,9.74575975476455e-10,2.889390084156351,3.057362698765253,-0.030593746514349925,0.24991337819714787,0.23510112603709307,2.7882957625869307,-0.6665185936681123,-9.465206396441772e-10,-4.663713859542895e-10,-4.1311398746302075e-10,2.0090595853616833e-10,-9.74575975476455e-10,2.9831692671677956e-10,1.9635404413520519e-10
pair_ym1p5_zp1p5,7,1.5286619090591944e-24,1.1290968160437842e-10,2.887235363868294,3.0612606491755034,-0.030629193273039847,0.25027914193759004,0.23530181086462126,2.791179252639882,-0.6675480486160446,7.815970093361102e-12,1.1290968160437842e-10,1.1013412404281553e-11,-5.329070518200751e-13,7.993605777301127e-12,-6.7057470687359455e-12,-4.739542092124793e-11
pair_yp1p5_zm1p5,10,5.6474225456100144e-24,2.2750690220618708e-10,3.0851199294876674,3.3223174497277608,-0.031385921470172634,0.25677066435762974,0.23283224751585513,2.9952321511649016,-0.7006286672676423,-1.9262369477246466e-11,2.2750690220618708e-10,-8.704148513061227e-12,1.0413891970983968e-11,3.47721851312599e-11,8.215650382226158e-12,-5.369038547087257e-11
pair_yp1p5_zp1p5,6,3.9673034589424256e-23,6.188161094655698e-10,3.0828722286819064,3.3244242355685545,-0.03143167696557158,0.2571690891943832,0.23309098354148278,2.996629535185805,-0.7015450385921992,2.382538610845586e-11,-6.188161094655698e-10,8.326672684688674e-12,1.396660564978447e-11,-3.5271785492341223e-11,-3.0309088572266774e-12,1.0822454044046026e-10
validation_05,8,4.988217620762014e-23,6.690648035601043e-10,3.0335518483315673,3.275750902928233,-0.03118399588584567,0.2550303730625841,0.23300948942267075,2.959718679051535,-0.6943996750321536,3.241851231905457e-12,-6.690648035601043e-10,-6.0174087934683484e-12,-2.6334490144108713e-11,9.736655925962623e-11,9.348077867343818e-12,-2.0216051055399475e-10
validation_01,10,4.4788699270711714e-24,2.0330404026935867e-10,2.881216685049407,3.0377858672364755,-0.030594392468974666,0.249985292165715,0.23559731865830605,2.772300228872117,-0.6645488335176674,-5.5067062021407764e-12,2.0330404026935867e-10,-7.416289804496046e-12,-3.695932448977146e-11,1.7319479184152442e-11,2.6201263381153694e-12,-4.121147867408581e-11
corridor_x_m3p0pct,10,9.075692422301117e-23,9.50395318000119e-10,2.999140919059147,3.211108365856576,-0.031101171010269785,0.2546548316372772,0.23412971461930784,2.907442013638126,-0.6870681377452351,-1.141309269314661e-11,-9.50395318000119e-10,6.461498003318411e-12,1.1590728377086634e-11,-1.2656542480726785e-11,-3.7192471324942744e-12,6.195044477408373e-11
corridor_x_p3p0pct,8,3.321700371408422e-22,1.8203105689451604e-09,2.965659157333811,3.1882542132577445,-0.03085203562136783,0.2521384785034315,0.23334115804955624,2.8920460860153905,-0.6823391871173442,3.9124259387790516e-11,-1.8203105689451604e-09,-2.9976021664879227e-13,-3.874678355941796e-12,3.1463720517876936e-11,1.3322676295501878e-12,-7.505107646466058e-11
corridor_y_m3p0pct,14,8.895981493186986e-24,2.9125590828016357e-10,2.8011623642751813,2.8949008094922877,-0.030354081133600004,0.2472103759986221,0.23781178314453447,2.6601169671979665,-0.6477531333678143,3.0531133177191805e-11,2.9125590828016357e-10,-1.1435297153639112e-12,5.2313708920337376e-11,-2.3092638912203256e-12,-4.107825191113079e-12,2.091660178393795e-11
corridor_y_p3p0pct,16,2.3541731479686934e-23,4.84268181111247e-10,3.1941999654331656,3.432932318237838,-0.03190178913006219,0.2607268396375666,0.23276704668424372,3.0805905391571256,-0.7165089835534063,-2.80109269112927e-11,-4.84268181111247e-10,-1.887379141862766e-13,7.238654120556021e-12,6.750155989720952e-12,2.9531932455029164e-12,3.197442310920451e-12
corridor_z_m3p0pct,14,1.1568205043802718e-24,1.0252909632413321e-10,2.9845196957916693,3.1972876018306406,-0.030932023222106794,0.25302113245490765,0.2334700814052556,2.8980247485305006,-0.6837192771903381,-1.4366285938649526e-11,-1.0252909632413321e-10,1.5765166949677223e-12,-1.4976908602193362e-11,-1.4210854715202004e-12,7.860379014346108e-12,-2.3647750424515834e-11
corridor_z_p3p0pct,9,7.20097343306668e-23,8.455014466335342e-10,2.9801905777298754,3.2030000834897847,-0.03101582997447327,0.25379176902748823,0.23394525678550418,2.9020770323247973,-0.6856599775128717,-8.182343691487404e-12,-8.455014466335342e-10,-1.6320278461989801e-12,6.0174087934683484e-12,-4.1389114358025836e-11,8.282263763703668e-12,5.7776006201493146e-11
corridor_x_m5p0pct,9,1.0508486046292119e-22,1.024935691873452e-09,3.0107643116235154,3.2181050532468864,-0.031184394813560022,0.2555164539597612,0.23439838288001727,2.911994625401819,-0.6885315039580209,-6.4503957730721595e-12,1.024935691873452e-09,7.438494264988549e-12,-8.37108160567368e-12,-8.526512829121202e-12,-7.205347429817266e-12,7.993605777301127e-12
corridor_x_p5p0pct,9,1.0963935546320239e-23,3.1676883338604966e-10,2.9551372738673396,3.1802165620392175,-0.030768847633230952,0.2513420303354777,0.23307296153241172,2.886432850133313,-0.6806363843280638,3.064215547965432e-12,3.1676883338604966e-10,4.196643033083092e-12,1.3300471835009375e-11,-3.3928415632544784e-11,-2.8754776337791554e-12,8.906209103543006e-11
corridor_y_m5p0pct,18,1.0423523395877464e-22,1.0203837774724889e-09,2.694783698642379,2.615894823273573,-0.030280972447112156,0.2444873506576185,0.2443297730758925,2.4387648457598305,-0.6177405871055967,-1.545430450278218e-11,1.0203837774724889e-09,5.373479439185758e-12,-1.56097357262297e-11,-8.43769498715119e-12,-4.274358644806853e-12,2.3847590568948362e-11
corridor_y_p5p0pct,14,3.777876734238948e-23,6.133649144146602e-10,3.3555167070288636,3.561051556804727,-0.032623682331317704,0.26589783581459586,0.233131034063315,3.178820943765753,-0.7356376668245537,3.6926017799032707e-11,-6.133649144146602e-10,6.217248937900877e-13,1.1102230246251565e-13,-1.1524114995609125e-11,-8.193445921733655e-12,2.731148640577885e-12
corridor_z_m5p0pct,7,1.1905983484228042e-22,1.090383339175105e-09,2.9855345534923883,3.1945510558371844,-0.03089937757258441,0.25271410779409337,0.2333016802728641,2.8960579867065164,-0.6829346514203987,7.904787935331115e-12,-1.090383339175105e-09,-9.103828801926284e-13,2.1227464230832993e-11,-9.79216707719388e-12,5.1736392947532295e-12,3.204103649068202e-11
corridor_z_p5p0pct,7,4.0872315859554733e-23,6.347700143294333e-10,2.9781637977211615,3.2043386961481013,-0.031043984898828515,0.2540285879282182,0.23413214952550698,2.903051468704181,-0.6863017742130029,1.5010215292932116e-11,-6.347700143294333e-10,2.708944180085382e-12,1.4521717162097048e-11,2.5268676040468563e-11,-1.6431300764452317e-12,-6.860068069158842e-11
corridor_x_m8p0pct,8,7.366458601914048e-24,2.539524146527583e-10,3.028035095278785,3.227649031474761,-0.03131346037605563,0.25680512374360287,0.234858392690618,2.9181476859204527,-0.6907303668676403,-6.106226635438361e-13,-2.539524146527583e-10,-2.375877272697835e-12,-3.4650060598551136e-11,-4.164446565368962e-11,-4.884981308350689e-13,7.893685705084863e-11
corridor_x_p8p0pct,9,2.512635941157871e-24,1.5059065106015623e-10,2.9388410624287378,3.166363950426638,-0.030646076012613904,0.2500718703586107,0.23273021355100323,2.87679317485794,-0.6780136716825432,3.552713678800501e-12,1.5059065106015623e-10,-1.6142642778049776e-11,1.658673198789984e-11,-4.8405723873656825e-12,1.176836406102666e-11,-4.169997680492088e-11
corridor_y_m8p0pct,38,3.97144808582857e-23,6.257661055997232e-10,2.562608597155347,1.848502992158188,-0.032096127389033786,0.25130457817795177,0.27598871035098305,1.8255222610721573,-0.5436824145037927,1.2212453270876722e-12,6.257661055997232e-10,-1.1435297153639112e-12,3.89910326248355e-11,3.306244167333716e-11,4.529709940470639e-12,-5.4090065759737627e-11
corridor_y_p8p0pct,16,2.8359196401334048e-24,1.3364864770437634e-10,3.6344202079723242,3.7218388414177186,-0.03380794718087749,0.2738607786902661,0.2345877486599598,3.3006524567496776,-0.7614286963629389,-3.3661962106634746e-11,1.3364864770437634e-10,1.1102230246251565e-12,3.232969447708456e-11,2.4291679778798425e-11,2.1316282072803006e-12,-8.788525462932739e-11
corridor_z_m8p0pct,6,1.1436524396525156e-22,1.0686118656622057e-09,2.987462517352718,3.191063293055886,-0.030854695338038324,0.25230507919447576,0.23305181270743347,2.893525732044395,-0.6818354164913324,3.2862601528904634e-11,-1.0686118656622057e-09,1.3700152123874432e-11,1.2012613126444194e-11,8.08242361927114e-12,-1.0591527654923993e-11,1.1479706074624119e-11
corridor_z_p8p0pct,8,1.1043644702002533e-22,1.0478062861807302e-09,2.9756319088030656,3.206448742714031,-0.03108137950514739,0.25438827038693124,0.23435686920914128,2.904468357270294,-0.687115486349525,-4.424238753131249e-11,1.0478062861807302e-09,6.106226635438361e-12,-3.879119248040297e-11,-9.71445146547012e-12,5.46229728115577e-12,5.331290964250002e-11
